"_id","file","fileNameWithoutExtension","DB","footprintId","hasClosedCaptions","container","scannerReads","ffProbeData","file_size","video_resolution","fileMedium","video_codec_name","audio_codec_name","lastPluginDetails","createdAt","bit_rate","duration","statSync","HealthCheck","TranscodeDecisionMaker","lastHealthCheckDate","holdUntil","lastTranscodeDate","bumped","history","oldSize","newSize","newVsOldRatio","videoStreamIndex","lastUpdate"
"//nas2/assets3/_TV/Daniel Tiger's Neighborhood {tvdb-261511}/Season 1/Daniel Tiger's Neighborhood s01e51-e52 The Royal Sandbox + Daniel Says I'm Sorry [WEBDL-1080p][EAC3 2.0][h264].mkv","//nas2/assets3/_TV/Daniel Tiger's Neighborhood {tvdb-261511}/Season 1/Daniel Tiger's Neighborhood s01e51-e52 The Royal Sandbox + Daniel Says I'm Sorry [WEBDL-1080p][EAC3 2.0][h264].mkv","Daniel Tiger's Neighborhood s01e51-e52 The Royal Sandbox + Daniel Says I'm Sorry [WEBDL-1080p][EAC3 2.0][h264]","pjctxUp1b","1EDJrvNJBk",false,"mkv","{""ffProbeRead"":""success""}","{""format"":{},""streams"":[{""codec_name"":""h264"",""codec_type"":""video"",""tags"":{},""width"":1920,""height"":1080},{""codec_name"":""eac3"",""codec_type"":""audio"",""bit_rate"":""224000"",""channels"":2,""tags"":{""language"":""eng""}}]}",1858.0408487319946,"1080p","video","h264","eac3","none",1753614264397,9815086,1588,"{""mtimeMs"":1753610693749.0007,""ctimeMs"":1753610693749.0007}","Success","Transcode error",1753615803897,1756114271984,1753615795707,false,"",1.8144930163398385,0,0,0,
"//nas2/assets3/_TV/Daniel Tiger's Neighborhood {tvdb-261511}/Season 1/Daniel Tiger's Neighborhood s01e47-e48 Play Pretend + Super Daniel! [WEBDL-1080p][EAC3 2.0][h264].mkv","//nas2/assets3/_TV/Daniel Tiger's Neighborhood {tvdb-261511}/Season 1/Daniel Tiger's Neighborhood s01e47-e48 Play Pretend + Super Daniel! [WEBDL-1080p][EAC3 2.0][h264].mkv","Daniel Tiger's Neighborhood s01e47-e48 Play Pretend + Super Daniel! [WEBDL-1080p][EAC3 2.0][h264]","pjctxUp1b","xawXpZ0eU",false,"mkv","{""ffProbeRead"":""success""}","{""format"":{},""streams"":[{""codec_name"":""h264"",""codec_type"":""video"",""tags"":{},""width"":1920,""height"":1080},{""codec_name"":""eac3"",""codec_type"":""audio"",""bit_rate"":""224000"",""channels"":2,""tags"":{""language"":""eng""}}]}",1840.4093370437622,"1080p","video","h264","eac3","none",1753614262867,9722198,1587,"{""mtimeMs"":1753610895139.3535,""ctimeMs"":1753610895139.3535}","Success","Transcode error",1753615802030,1756114271983,1753615795204,false,"",1.797274743206799,0,0,0,
"//nas2/assets3/_TV/Daniel Tiger's Neighborhood {tvdb-261511}/Season 1/Daniel Tiger's Neighborhood s01e49-e50 Daniel Uses His Words + All Aboard [WEBDL-1080p][EAC3 2.0][h264].mkv","//nas2/assets3/_TV/Daniel Tiger's Neighborhood {tvdb-261511}/Season 1/Daniel Tiger's Neighborhood s01e49-e50 Daniel Uses His Words + All Aboard [WEBDL-1080p][EAC3 2.0][h264].mkv","Daniel Tiger's Neighborhood s01e49-e50 Daniel Uses His Words + All Aboard [WEBDL-1080p][EAC3 2.0][h264]","pjctxUp1b","3EFSJ13s6",false,"mkv","{""ffProbeRead"":""success""}","{""format"":{},""streams"":[{""codec_name"":""h264"",""codec_type"":""video"",""tags"":{},""width"":1920,""height"":1080},{""codec_name"":""eac3"",""codec_type"":""audio"",""bit_rate"":""224000"",""channels"":2,""tags"":{""language"":""eng""}}]}",1817.3307008743286,"1080p","video","h264","eac3","none",1753614263930,9600035,1588,"{""mtimeMs"":1753610808502.512,""ctimeMs"":1753610808502.512}","Success","Transcode error",1753615801637,1756114271983,1753615794620,false,"",1.7747370125725865,0,0,0,
"//nas2/assets3/_TV/Daniel Tiger's Neighborhood {tvdb-261511}/Season 1/Daniel Tiger's Neighborhood s01e53-e54 It's Time to Go + Daniel Doesn't Want to Stop Playing [WEBDL-1080p][EAC3 2.0][h264].mkv","//nas2/assets3/_TV/Daniel Tiger's Neighborhood {tvdb-261511}/Season 1/Daniel Tiger's Neighborhood s01e53-e54 It's Time to Go + Daniel Doesn't Want to Stop Playing [WEBDL-1080p][EAC3 2.0][h264].mkv","Daniel Tiger's Neighborhood s01e53-e54 It's Time to Go + Daniel Doesn't Want to Stop Playing [WEBDL-1080p][EAC3 2.0][h264]","pjctxUp1b","xKmVumnA6",false,"mkv","{""ffProbeRead"":""success""}","{""format"":{},""streams"":[{""codec_name"":""h264"",""codec_type"":""video"",""tags"":{},""width"":1920,""height"":1080},{""codec_name"":""eac3"",""codec_type"":""audio"",""bit_rate"":""224000"",""channels"":2,""tags"":{""language"":""eng""}}]}",1833.4259977340698,"1080p","video","h264","eac3","none",1753614264760,9685058,1588,"{""mtimeMs"":1753610581132.416,""ctimeMs"":1753610581132.416}","Success","Transcode error",1753615801431,1756114271984,1753615794359,false,"",1.7904550759121776,0,0,0,
"//nas2/assets3/_TV/Daniel Tiger's Neighborhood {tvdb-261511}/Season 1/Daniel Tiger's Neighborhood s01e70-e71 Daniel Feels Left Out + Daniel Gets Frustrated [WEBDL-1080p][EAC3 2.0][h264].mkv","//nas2/assets3/_TV/Daniel Tiger's Neighborhood {tvdb-261511}/Season 1/Daniel Tiger's Neighborhood s01e70-e71 Daniel Feels Left Out + Daniel Gets Frustrated [WEBDL-1080p][EAC3 2.0][h264].mkv","Daniel Tiger's Neighborhood s01e70-e71 Daniel Feels Left Out + Daniel Gets Frustrated [WEBDL-1080p][EAC3 2.0][h264]","pjctxUp1b","ru8Zb7kSZi",false,"mkv","{""ffProbeRead"":""success""}","{""format"":{},""streams"":[{""codec_name"":""h264"",""codec_type"":""video"",""tags"":{},""width"":1920,""height"":1080},{""codec_name"":""eac3"",""codec_type"":""audio"",""bit_rate"":""224000"",""channels"":2,""tags"":{""language"":""eng""}}]}",1629.3400106430054,"1080p","video","h264","eac3","none",1753610809297,8604938,1588,"{""mtimeMs"":1753609946434.7136,""ctimeMs"":1753609946434.7136}","Success","Transcode error",1753610961641,0,1753613310648,false,"",1.59115235414356,0,0,0,1753610958198
"//nas2/assets3/_TV/Daniel Tiger's Neighborhood {tvdb-261511}/Season 2/Daniel Tiger's Neighborhood s02e16-e17 Daniel Explores Nature + Daniel's Nature Walk [WEBRip-1080p][EAC3 2.0][h264].mkv","//nas2/assets3/_TV/Daniel Tiger's Neighborhood {tvdb-261511}/Season 2/Daniel Tiger's Neighborhood s02e16-e17 Daniel Explores Nature + Daniel's Nature Walk [WEBRip-1080p][EAC3 2.0][h264].mkv","Daniel Tiger's Neighborhood s02e16-e17 Daniel Explores Nature + Daniel's Nature Walk [WEBRip-1080p][EAC3 2.0][h264]","pjctxUp1b","yIfF6SskV",false,"mkv","{""ffProbeRead"":""success""}","{""format"":{},""streams"":[{""codec_name"":""eac3"",""codec_type"":""audio"",""bit_rate"":""224000"",""channels"":2,""tags"":{""language"":""eng""}},{""codec_name"":""h264"",""codec_type"":""video"",""tags"":{""language"":""eng""},""width"":1920,""height"":1080}]}",1729.6574220657349,"1080p","video","h264","eac3","none",1753610815478,9116069,1591,"{""mtimeMs"":1753609427141.829,""ctimeMs"":1753609427141.829}","Success","Transcode error",1753610947096,0,1753612393716,false,"",1.6891185762360692,0,0,1,1753610931332
"//nas2/assets3/_TV/Daniel Tiger's Neighborhood {tvdb-261511}/Season 2/Daniel Tiger's Neighborhood s02e10-e11 Daniel's Friends Say No + Prince Wednesday Doesn't Want to Play [WEBRip-1080p][EAC3 2.0][h264].mkv","//nas2/assets3/_TV/Daniel Tiger's Neighborhood {tvdb-261511}/Season 2/Daniel Tiger's Neighborhood s02e10-e11 Daniel's Friends Say No + Prince Wednesday Doesn't Want to Play [WEBRip-1080p][EAC3 2.0][h264].mkv","Daniel Tiger's Neighborhood s02e10-e11 Daniel's Friends Say No + Prince Wednesday Doesn't Want to Play [WEBRip-1080p][EAC3 2.0][h264]","pjctxUp1b","vrDyvJBXK",false,"mkv","{""ffProbeRead"":""success""}","{""format"":{},""streams"":[{""codec_name"":""eac3"",""codec_type"":""audio"",""bit_rate"":""224000"",""channels"":2,""tags"":{""language"":""eng""}},{""codec_name"":""h264"",""codec_type"":""video"",""tags"":{""language"":""eng""},""width"":1920,""height"":1080}]}",1685.3220071792603,"1080p","video","h264","eac3","none",1753610814250,8890556,1590,"{""mtimeMs"":1753609498918.5193,""ctimeMs"":1753609498918.5193}","Success","Transcode error",1753612258892,0,1753612249263,false,"",1.6458222726359963,0,0,1,1753610932215
"//nas2/assets3/_TV/Daniel Tiger's Neighborhood {tvdb-261511}/Season 1/Daniel Tiger's Neighborhood s01e72-e73 Frustration at School + Daniel is Jealous [WEBDL-1080p][EAC3 2.0][h264].mkv","//nas2/assets3/_TV/Daniel Tiger's Neighborhood {tvdb-261511}/Season 1/Daniel Tiger's Neighborhood s01e72-e73 Frustration at School + Daniel is Jealous [WEBDL-1080p][EAC3 2.0][h264].mkv","Daniel Tiger's Neighborhood s01e72-e73 Frustration at School + Daniel is Jealous [WEBDL-1080p][EAC3 2.0][h264]","pjctxUp1b","3LHb7QQ8u",false,"mkv","{""ffProbeRead"":""success""}","{""format"":{},""streams"":[{""codec_name"":""h264"",""codec_type"":""video"",""tags"":{},""width"":1920,""height"":1080},{""codec_name"":""eac3"",""codec_type"":""audio"",""bit_rate"":""224000"",""channels"":2,""tags"":{""language"":""eng""}}]}",1707.967001914978,"1080p","video","h264","eac3","none",1753610810115,9020186,1588,"{""mtimeMs"":1753609877369.716,""ctimeMs"":1753609877369.716}","Success","Transcode error",1753610954854,0,1753612207510,false,"",1.6679365253075957,0,0,0,1753610952082
"//nas2/assets3/_TV/Daniel Tiger's Neighborhood {tvdb-261511}/Season 1/Daniel Tiger's Neighborhood s01e68-e69 Mom Tiger Is Sick + Duckling Goes Home [WEBDL-1080p][EAC3 2.0][h264].mkv","//nas2/assets3/_TV/Daniel Tiger's Neighborhood {tvdb-261511}/Season 1/Daniel Tiger's Neighborhood s01e68-e69 Mom Tiger Is Sick + Duckling Goes Home [WEBDL-1080p][EAC3 2.0][h264].mkv","Daniel Tiger's Neighborhood s01e68-e69 Mom Tiger Is Sick + Duckling Goes Home [WEBDL-1080p][EAC3 2.0][h264]","pjctxUp1b","hDpyU3uQn",false,"mkv","{""ffProbeRead"":""success""}","{""format"":{},""streams"":[{""codec_name"":""h264"",""codec_type"":""video"",""tags"":{},""width"":1920,""height"":1080},{""codec_name"":""eac3"",""codec_type"":""audio"",""bit_rate"":""224000"",""channels"":2,""tags"":{""language"":""eng""}}]}",1834.5036392211914,"1080p","video","h264","eac3","none",1753610808696,9688456,1588,"{""mtimeMs"":1753610023715.0981,""ctimeMs"":1753610023715.0981}","Success","Transcode error",1753610947840,0,1753611421946,false,"",1.7915074601769447,0,0,0,1753610928965
"//nas2/assets3/_TV/Daniel Tiger's Neighborhood {tvdb-261511}/Season 1/Daniel Tiger's Neighborhood s01e74-e75 Jealousy at the Treehouse + Someone Else's Feelings [WEBDL-1080p][EAC3 2.0][h264].mkv","//nas2/assets3/_TV/Daniel Tiger's Neighborhood {tvdb-261511}/Season 1/Daniel Tiger's Neighborhood s01e74-e75 Jealousy at the Treehouse + Someone Else's Feelings [WEBDL-1080p][EAC3 2.0][h264].mkv","Daniel Tiger's Neighborhood s01e74-e75 Jealousy at the Treehouse + Someone Else's Feelings [WEBDL-1080p][EAC3 2.0][h264]","pjctxUp1b","GYrUWswOK",false,"mkv","{""ffProbeRead"":""success""}","{""format"":{},""streams"":[{""codec_name"":""h264"",""codec_type"":""video"",""tags"":{},""width"":1920,""height"":1080},{""codec_name"":""eac3"",""codec_type"":""audio"",""bit_rate"":""224000"",""channels"":2,""tags"":{""language"":""eng""}}]}",1745.1572437286377,"1080p","video","h264","eac3","none",1753610810815,9216597,1588,"{""mtimeMs"":1753609803058.6265,""ctimeMs"":1753609803058.6265}","Success","Transcode error",1753610957120,0,1753611414612,false,"",1.7042551208287477,0,0,0,1753610951531
"//nas2/assets3/_TV/Daniel Tiger's Neighborhood {tvdb-261511}/Season 1/Daniel Tiger's Neighborhood s01e57-e58 Neighbor Day + Calm at the Clock Factory [WEBDL-1080p][EAC3 2.0][h264].mkv","//nas2/assets3/_TV/Daniel Tiger's Neighborhood {tvdb-261511}/Season 1/Daniel Tiger's Neighborhood s01e57-e58 Neighbor Day + Calm at the Clock Factory [WEBDL-1080p][EAC3 2.0][h264].mkv","Daniel Tiger's Neighborhood s01e57-e58 Neighbor Day + Calm at the Clock Factory [WEBDL-1080p][EAC3 2.0][h264]","pjctxUp1b","e7uR_DbU_",false,"mkv","{""ffProbeRead"":""success""}","{""format"":{},""streams"":[{""codec_name"":""h264"",""codec_type"":""video"",""tags"":{},""width"":1920,""height"":1080},{""codec_name"":""eac3"",""codec_type"":""audio"",""bit_rate"":""224000"",""channels"":2,""tags"":{""language"":""eng""}}]}",1733.639446258545,"1080p","video","h264","eac3","none",1753610805854,9157936,1588,"{""mtimeMs"":1753610393881.7349,""ctimeMs"":1753610393881.7349}","Success","Transcode error",1753610971697,0,1753611407877,false,"",1.6930072717368603,0,0,0,1753610964014
"//nas2/assets3/_TV/Daniel Tiger's Neighborhood {tvdb-261511}/Season 2/Daniel Tiger's Neighborhood s02e04-e05 Time for Daniel + There's Time for Daniel and Baby Too [WEBRip-1080p][EAC3 2.0][h264].mkv","//nas2/assets3/_TV/Daniel Tiger's Neighborhood {tvdb-261511}/Season 2/Daniel Tiger's Neighborhood s02e04-e05 Time for Daniel + There's Time for Daniel and Baby Too [WEBRip-1080p][EAC3 2.0][h264].mkv","Daniel Tiger's Neighborhood s02e04-e05 Time for Daniel + There's Time for Daniel and Baby Too [WEBRip-1080p][EAC3 2.0][h264]","pjctxUp1b","PQgnADH_r",false,"mkv","{""ffProbeRead"":""success""}","{""format"":{},""streams"":[{""codec_name"":""eac3"",""codec_type"":""audio"",""bit_rate"":""224000"",""channels"":2,""tags"":{""language"":""eng""}},{""codec_name"":""h264"",""codec_type"":""video"",""tags"":{},""width"":1920,""height"":1080}]}",1732.3065061569214,"1080p","video","h264","eac3","none",1753610812879,9141287,1589,"{""mtimeMs"":1753609578253.9534,""ctimeMs"":1753609578253.9534}","Success","Transcode error",1753610942396,0,1753611238845,false,"",1.6917055724188685,0,0,1,1753610930899
"//nas2/assets3/_TV/Daniel Tiger's Neighborhood {tvdb-261511}/Season 1/Daniel Tiger's Neighborhood s01e55-e56 Safety Patrol + Safety at the Beach [WEBDL-1080p][EAC3 2.0][h264].mkv","//nas2/assets3/_TV/Daniel Tiger's Neighborhood {tvdb-261511}/Season 1/Daniel Tiger's Neighborhood s01e55-e56 Safety Patrol + Safety at the Beach [WEBDL-1080p][EAC3 2.0][h264].mkv","Daniel Tiger's Neighborhood s01e55-e56 Safety Patrol + Safety at the Beach [WEBDL-1080p][EAC3 2.0][h264]","pjctxUp1b","poNpOjKJP",false,"mkv","{""ffProbeRead"":""success""}","{""format"":{},""streams"":[{""codec_name"":""h264"",""codec_type"":""video"",""tags"":{},""width"":1920,""height"":1080},{""codec_name"":""eac3"",""codec_type"":""audio"",""bit_rate"":""224000"",""channels"":2,""tags"":{""language"":""eng""}}]}",1723.085904121399,"1080p","video","h264","eac3","none",1753610805221,9100032,1588,"{""mtimeMs"":1753610471293.1292,""ctimeMs"":1753610471293.1292}","Success","Transcode error",1753610996727,0,1753611159175,false,"",1.6827010782435536,0,0,0,1753610967148
"//nas2/assets3/_TV/Daniel Tiger's Neighborhood {tvdb-261511}/Season 2/Daniel Tiger's Neighborhood s02e37-e38 Daniel and Margaret Visit the Farm + Fireflies and Fireworks [WEBRip-1080p][EAC3 2.0][h264].mkv","//nas2/assets3/_TV/Daniel Tiger's Neighborhood {tvdb-261511}/Season 2/Daniel Tiger's Neighborhood s02e37-e38 Daniel and Margaret Visit the Farm + Fireflies and Fireworks [WEBRip-1080p][EAC3 2.0][h264].mkv","Daniel Tiger's Neighborhood s02e37-e38 Daniel and Margaret Visit the Farm + Fireflies and Fireworks [WEBRip-1080p][EAC3 2.0][h264]","pjctxUp1b","2gGIg2Vi7",false,"mkv","{""ffProbeRead"":""success""}","{""format"":{},""streams"":[{""codec_name"":""h264"",""codec_type"":""video"",""tags"":{},""width"":1920,""height"":1080},{""codec_name"":""eac3"",""codec_type"":""audio"",""bit_rate"":""224000"",""channels"":2,""tags"":{""language"":""eng""}}]}",1682.5017595291138,"1080p","video","h264","eac3","none",1753610817965,8874284,1590,"{""mtimeMs"":1753609133700.0854,""ctimeMs"":1753609133700.0854}","Success","Transcode error",1753610952401,0,1753611153371,false,"",1.6430681245401502,0,0,0,1753610949848
"//nas2/assets3/_TV/Daniel Tiger's Neighborhood {tvdb-261511}/Season 2/Daniel Tiger's Neighborhood s02e25-e26 Margaret's First Chime Time + Tiger Family Fun [WEBRip-1080p][EAC3 2.0][h264].mkv","//nas2/assets3/_TV/Daniel Tiger's Neighborhood {tvdb-261511}/Season 2/Daniel Tiger's Neighborhood s02e25-e26 Margaret's First Chime Time + Tiger Family Fun [WEBRip-1080p][EAC3 2.0][h264].mkv","Daniel Tiger's Neighborhood s02e25-e26 Margaret's First Chime Time + Tiger Family Fun [WEBRip-1080p][EAC3 2.0][h264]","pjctxUp1b","j7kmjd40SH",false,"mkv","{""ffProbeRead"":""success""}","{""format"":{},""streams"":[{""codec_name"":""eac3"",""codec_type"":""audio"",""bit_rate"":""224000"",""channels"":2,""tags"":{""language"":""eng""}},{""codec_name"":""h264"",""codec_type"":""video"",""tags"":{""language"":""eng""},""width"":1920,""height"":1080}]}",1653.2430114746094,"1080p","video","h264","eac3","none",1753610817392,8720184,1590,"{""mtimeMs"":1753609206602.4727,""ctimeMs"":1753609206602.4727}","Success","Transcode error",1753610977778,0,1753611152584,false,"",1.6144951283931732,0,0,1,1753610950365
"//nas2/assets3/_TV/Daniel Tiger's Neighborhood {tvdb-261511}/Season 1/Daniel Tiger's Neighborhood s01e59-e60 Calm for Storytime + Daniel's New Friend [WEBDL-1080p][EAC3 2.0][h264].mkv","//nas2/assets3/_TV/Daniel Tiger's Neighborhood {tvdb-261511}/Season 1/Daniel Tiger's Neighborhood s01e59-e60 Calm for Storytime + Daniel's New Friend [WEBDL-1080p][EAC3 2.0][h264].mkv","Daniel Tiger's Neighborhood s01e59-e60 Calm for Storytime + Daniel's New Friend [WEBDL-1080p][EAC3 2.0][h264]","pjctxUp1b","6IQ1-VJNug",false,"mkv","{""ffProbeRead"":""success""}","{""format"":{},""streams"":[{""codec_name"":""h264"",""codec_type"":""video"",""tags"":{},""width"":1920,""height"":1080},{""codec_name"":""eac3"",""codec_type"":""audio"",""bit_rate"":""224000"",""channels"":2,""tags"":{""language"":""eng""}}]}",1666.051905632019,"1080p","video","h264","eac3","none",1753610806293,8800906,1588,"{""mtimeMs"":1753610320464.6064,""ctimeMs"":1753610320464.6064}","Success","Transcode error",1753610964681,0,1753611116998,false,"",1.6270038140937686,0,0,0,1753610959133
"//nas2/assets3/_TV/Daniel Tiger's Neighborhood {tvdb-261511}/Season 2/Daniel Tiger's Neighborhood s02e03 The Baby Is Here [WEBRip-1080p][EAC3 2.0][h264].mkv","//nas2/assets3/_TV/Daniel Tiger's Neighborhood {tvdb-261511}/Season 2/Daniel Tiger's Neighborhood s02e03 The Baby Is Here [WEBRip-1080p][EAC3 2.0][h264].mkv","Daniel Tiger's Neighborhood s02e03 The Baby Is Here [WEBRip-1080p][EAC3 2.0][h264]","pjctxUp1b","oDbkx28ug",false,"mkv","{""ffProbeRead"":""success""}","{""format"":{},""streams"":[{""codec_name"":""eac3"",""codec_type"":""audio"",""bit_rate"":""224000"",""channels"":2,""tags"":{""language"":""eng""}},{""codec_name"":""h264"",""codec_type"":""video"",""tags"":{""language"":""eng""},""width"":1920,""height"":1080}]}",1701.7940292358398,"1080p","video","h264","eac3","none",1753610812191,8972508,1591,"{""mtimeMs"":1753609652012.8806,""ctimeMs"":1753609652012.8806}","Success","Transcode error",1753611116118,0,1753611110966,false,"",1.6619082316756248,0,0,1,1753610930449
"//nas2/assets3/_TV/Daniel Tiger's Neighborhood {tvdb-261511}/Season 2/Daniel Tiger's Neighborhood s02e23-e24 A Storm in the Neighborhood + After the Neighborhood Storm [WEBRip-1080p][EAC3 2.0][h264].mkv","//nas2/assets3/_TV/Daniel Tiger's Neighborhood {tvdb-261511}/Season 2/Daniel Tiger's Neighborhood s02e23-e24 A Storm in the Neighborhood + After the Neighborhood Storm [WEBRip-1080p][EAC3 2.0][h264].mkv","Daniel Tiger's Neighborhood s02e23-e24 A Storm in the Neighborhood + After the Neighborhood Storm [WEBRip-1080p][EAC3 2.0][h264]","pjctxUp1b","EfyDG6CEs",false,"mkv","{""ffProbeRead"":""success""}","{""format"":{},""streams"":[{""codec_name"":""eac3"",""codec_type"":""audio"",""bit_rate"":""224000"",""channels"":2,""tags"":{""language"":""eng""}},{""codec_name"":""h264"",""codec_type"":""video"",""tags"":{""language"":""eng""},""width"":1920,""height"":1080}]}",1719.137822151184,"1080p","video","h264","eac3","none",1753610816693,9079662,1588,"{""mtimeMs"":1753609282948.2268,""ctimeMs"":1753609282948.2268}","Success","Transcode error",1753610942479,0,1753611105546,false,"",1.6788455294445157,0,0,1,1753610935531
"//nas2/assets3/_TV/Daniel Tiger's Neighborhood {tvdb-261511}/Season 2/Daniel Tiger's Neighborhood s02e20-e21 Daniel Can't Ride Trolley + Daniel Can't Get What He Wants [WEBRip-1080p][EAC3 2.0][h264].mkv","//nas2/assets3/_TV/Daniel Tiger's Neighborhood {tvdb-261511}/Season 2/Daniel Tiger's Neighborhood s02e20-e21 Daniel Can't Ride Trolley + Daniel Can't Get What He Wants [WEBRip-1080p][EAC3 2.0][h264].mkv","Daniel Tiger's Neighborhood s02e20-e21 Daniel Can't Ride Trolley + Daniel Can't Get What He Wants [WEBRip-1080p][EAC3 2.0][h264]","pjctxUp1b","1mYf-w4MN",false,"mkv","{""ffProbeRead"":""success""}","{""format"":{},""streams"":[{""codec_name"":""eac3"",""codec_type"":""audio"",""bit_rate"":""224000"",""channels"":2,""tags"":{""language"":""eng""}},{""codec_name"":""h264"",""codec_type"":""video"",""tags"":{""language"":""eng""},""width"":1920,""height"":1080}]}",1646.2473783493042,"1080p","video","h264","eac3","none",1753610816064,8694689,1588,"{""mtimeMs"":1753609352362.739,""ctimeMs"":1753609352362.739}","Success","Transcode error",1753610937563,0,1753611076077,false,"",1.6076634554192424,0,0,1,1753610935032
"//nas2/assets3/_TV/Daniel Tiger's Neighborhood {tvdb-261511}/Season 1/Daniel Tiger's Neighborhood s01e77-e78 Line Leader Daniel + Neighborhood Jobs [WEBDL-1080p][EAC3 2.0][h264].mkv","//nas2/assets3/_TV/Daniel Tiger's Neighborhood {tvdb-261511}/Season 1/Daniel Tiger's Neighborhood s01e77-e78 Line Leader Daniel + Neighborhood Jobs [WEBDL-1080p][EAC3 2.0][h264].mkv","Daniel Tiger's Neighborhood s01e77-e78 Line Leader Daniel + Neighborhood Jobs [WEBDL-1080p][EAC3 2.0][h264]","pjctxUp1b","Dcv5gnILr3",false,"mkv","{""ffProbeRead"":""success""}","{""format"":{},""streams"":[{""codec_name"":""h264"",""codec_type"":""video"",""tags"":{},""width"":1920,""height"":1080},{""codec_name"":""eac3"",""codec_type"":""audio"",""bit_rate"":""224000"",""channels"":2,""tags"":{""language"":""eng""}}]}",1715.8829383850098,"1080p","video","h264","eac3","none",1753610811405,9062471,1588,"{""mtimeMs"":1753609726667.4749,""ctimeMs"":1753609726667.4749}","Success","Transcode error",1753610969829,0,1753610963359,false,"",1.675666932016611,0,0,0,1753610950832
"//nas2/assets3/_TV/Daniel Tiger's Neighborhood {tvdb-261511}/Season 1/Daniel Tiger's Neighborhood s01e61 Same and Different [WEBDL-1080p][EAC3 2.0][h264].mkv","//nas2/assets3/_TV/Daniel Tiger's Neighborhood {tvdb-261511}/Season 1/Daniel Tiger's Neighborhood s01e61 Same and Different [WEBDL-1080p][EAC3 2.0][h264].mkv","Daniel Tiger's Neighborhood s01e61 Same and Different [WEBDL-1080p][EAC3 2.0][h264]","pjctxUp1b","oYkBxrIwD",false,"mkv","{""ffProbeRead"":""success""}","{""format"":{},""streams"":[{""codec_name"":""h264"",""codec_type"":""video"",""tags"":{},""width"":1920,""height"":1080},{""codec_name"":""eac3"",""codec_type"":""audio"",""bit_rate"":""224000"",""channels"":2,""tags"":{""language"":""eng""}}]}",1816.357509613037,"1080p","video","h264","eac3","none",1753610806962,9595141,1587,"{""mtimeMs"":1753610249315.8994,""ctimeMs"":1753610249315.8994}","Success","Transcode error",1753610959777,0,1753610951807,false,"",1.7737866304814816,0,0,0,1753610927465
"//nas2/assets3/_TV/Daniel Tiger's Neighborhood {tvdb-261511}/Season 1/Daniel Tiger's Neighborhood s01e66-e67 Tutu All the Time + Daniel Gets a Cold [WEBDL-1080p][EAC3 2.0][h264].mkv","//nas2/assets3/_TV/Daniel Tiger's Neighborhood {tvdb-261511}/Season 1/Daniel Tiger's Neighborhood s01e66-e67 Tutu All the Time + Daniel Gets a Cold [WEBDL-1080p][EAC3 2.0][h264].mkv","Daniel Tiger's Neighborhood s01e66-e67 Tutu All the Time + Daniel Gets a Cold [WEBDL-1080p][EAC3 2.0][h264]","pjctxUp1b","g1-24YCDMA",false,"mkv","{""ffProbeRead"":""success""}","{""format"":{},""streams"":[{""codec_name"":""h264"",""codec_type"":""video"",""tags"":{},""width"":1920,""height"":1080},{""codec_name"":""eac3"",""codec_type"":""audio"",""bit_rate"":""224000"",""channels"":2,""tags"":{""language"":""eng""}}]}",1731.374755859375,"1080p","video","h264","eac3","none",1753610808063,9143808,1588,"{""mtimeMs"":1753610097349.17,""ctimeMs"":1753610097349.17}","Success","Transcode error",1753610966712,0,1753610945526,false,"",1.690795660018921,0,0,0,1753610929432
"//nas2/assets3/_TV/Daniel Tiger's Neighborhood {tvdb-261511}/Season 1/Daniel Tiger's Neighborhood s01e64-e65 Snowflake Day + A Snowy Day [WEBDL-1080p][EAC3 2.0][h264].mkv","//nas2/assets3/_TV/Daniel Tiger's Neighborhood {tvdb-261511}/Season 1/Daniel Tiger's Neighborhood s01e64-e65 Snowflake Day + A Snowy Day [WEBDL-1080p][EAC3 2.0][h264].mkv","Daniel Tiger's Neighborhood s01e64-e65 Snowflake Day + A Snowy Day [WEBDL-1080p][EAC3 2.0][h264]","pjctxUp1b","cRlwzMJeu",false,"mkv","{""ffProbeRead"":""success""}","{""format"":{},""streams"":[{""codec_name"":""h264"",""codec_type"":""video"",""tags"":{},""width"":1920,""height"":1080},{""codec_name"":""eac3"",""codec_type"":""audio"",""bit_rate"":""224000"",""channels"":2,""tags"":{""language"":""eng""}}]}",1677.7298526763916,"1080p","video","h264","eac3","none",1753610807593,8860496,1588,"{""mtimeMs"":1753610168717.9019,""ctimeMs"":1753610168717.9019}","Success","Transcode error",1753610947504,0,1753610941687,false,"",1.6384080592542887,0,0,0,1753610927948
"//nas2/assets3/_TV/Daniel Tiger's Neighborhood {tvdb-261511}/Season 2/Daniel Tiger's Neighborhood s02e01-e02 The Tiger Family Grows + Daniel Learns about Being a Big Brother [WEBRip-1080p][EAC3 2.0][h264].mkv","//nas2/assets3/_TV/Daniel Tiger's Neighborhood {tvdb-261511}/Season 2/Daniel Tiger's Neighborhood s02e01-e02 The Tiger Family Grows + Daniel Learns about Being a Big Brother [WEBRip-1080p][EAC3 2.0][h264].mkv","Daniel Tiger's Neighborhood s02e01-e02 The Tiger Family Grows + Daniel Learns about Being a Big Brother [WEBRip-1080p][EAC3 2.0][h264]","pjctxUp1b","sDSAj7SF3",false,"mkv","{""ffProbeRead"":""success""}","{""format"":{},""streams"":[{""codec_name"":""eac3"",""codec_type"":""audio"",""bit_rate"":""224000"",""channels"":2,""tags"":{""language"":""eng""}},{""codec_name"":""h264"",""codec_type"":""video"",""tags"":{},""width"":1920,""height"":1080}]}",1571.2787055969238,"1080p","video","h264","eac3","none",1748862709506,8288945,1590,"{""mtimeMs"":1748859909349.007,""ctimeMs"":1748859909349.007}","Success","Transcode error",1748962481359,1751362718213,1751049777562,1,"",1.534451860934496,0,0,1,
"//nas2/assets3/_TV/Daniel Tiger's Neighborhood {tvdb-261511}/Season 2/Daniel Tiger's Neighborhood s02e08-e09 Daniel Fixes Trolley + Problem Solver Daniel [WEBRip-1080p][EAC3 2.0][h264].mkv","//nas2/assets3/_TV/Daniel Tiger's Neighborhood {tvdb-261511}/Season 2/Daniel Tiger's Neighborhood s02e08-e09 Daniel Fixes Trolley + Problem Solver Daniel [WEBRip-1080p][EAC3 2.0][h264].mkv","Daniel Tiger's Neighborhood s02e08-e09 Daniel Fixes Trolley + Problem Solver Daniel [WEBRip-1080p][EAC3 2.0][h264]","pjctxUp1b","GkxWSkpt_",false,"mkv","{""ffProbeRead"":""success""}","{""format"":{},""streams"":[{""codec_name"":""eac3"",""codec_type"":""audio"",""bit_rate"":""224000"",""channels"":2,""tags"":{""language"":""eng""}},{""codec_name"":""h264"",""codec_type"":""video"",""tags"":{""language"":""eng""},""width"":1920,""height"":1080}]}",1567.006425857544,"1080p","video","h264","eac3","none",1748862711098,8276177,1588,"{""mtimeMs"":1748859977474.8489,""ctimeMs"":1748859977474.8489}","Success","Transcode error",1748962476947,1751362718214,1751049690134,1,"",1.5302797127515078,0,0,1,
"//nas2/assets3/_TV/Daniel Tiger's Neighborhood {tvdb-261511}/Season 2/Daniel Tiger's Neighborhood s02e14-e15 It's Love Day! + Daniel's Love Day Surprise [WEBRip-1080p][EAC3 2.0][h264].mkv","//nas2/assets3/_TV/Daniel Tiger's Neighborhood {tvdb-261511}/Season 2/Daniel Tiger's Neighborhood s02e14-e15 It's Love Day! + Daniel's Love Day Surprise [WEBRip-1080p][EAC3 2.0][h264].mkv","Daniel Tiger's Neighborhood s02e14-e15 It's Love Day! + Daniel's Love Day Surprise [WEBRip-1080p][EAC3 2.0][h264]","pjctxUp1b","tz3qMJ2df",false,"mkv","{""ffProbeRead"":""success""}","{""format"":{},""streams"":[{""codec_name"":""eac3"",""codec_type"":""audio"",""bit_rate"":""224000"",""channels"":2,""tags"":{""language"":""eng""}},{""codec_name"":""h264"",""codec_type"":""video"",""tags"":{""language"":""eng""},""width"":1920,""height"":1080}]}",1477.624451637268,"1080p","video","h264","eac3","none",1748862711915,7792437,1590,"{""mtimeMs"":1748860108355.685,""ctimeMs"":1748860108355.685}","Success","Transcode error",1748962472724,1751362718215,1751049473352,1,"",1.4429926285520196,0,0,1,
"//nas2/assets3/_TV/Daniel Tiger's Neighborhood {tvdb-261511}/Season 1/Daniel Tiger's Neighborhood s01e43-e44 The Dragon Dance + Teacher Harriet's Birthday [WEBDL-1080p][EAC3 2.0][h264].mkv","//nas2/assets3/_TV/Daniel Tiger's Neighborhood {tvdb-261511}/Season 1/Daniel Tiger's Neighborhood s01e43-e44 The Dragon Dance + Teacher Harriet's Birthday [WEBDL-1080p][EAC3 2.0][h264].mkv","Daniel Tiger's Neighborhood s01e43-e44 The Dragon Dance + Teacher Harriet's Birthday [WEBDL-1080p][EAC3 2.0][h264]","pjctxUp1b","eQkDu2jnz",false,"mkv","{""ffProbeRead"":""success""}","{""format"":{},""streams"":[{""codec_name"":""h264"",""codec_type"":""video"",""tags"":{},""width"":1920,""height"":1080},{""codec_name"":""eac3"",""codec_type"":""audio"",""bit_rate"":""224000"",""channels"":2,""tags"":{""language"":""eng""}},{""codec_name"":""subrip"",""codec_type"":""subtitle"",""tags"":{""language"":""eng""},""duration"":""1588.003000""},{""codec_name"":""subrip"",""codec_type"":""subtitle"",""tags"":{""language"":""eng"",""title"":""SDH""},""duration"":""1588.003000""}]}",1937.7323427200317,"1080p","video","h264","eac3","none",1746610123444,10236049,1588,"{""mtimeMs"":1746608563495.1174,""ctimeMs"":1746608563495.1174}","Success","Transcode error",1746878350873,1749110128789,1751048153314,1,"",1.892316740937531,0,0,0,
"//nas2/assets3/_TV/Daniel Tiger's Neighborhood {tvdb-261511}/Season 1/Daniel Tiger's Neighborhood s01e45-e46 Clean Up Time + Neighborhood Clean Up [WEBDL-1080p][EAC3 2.0][h264].mkv","//nas2/assets3/_TV/Daniel Tiger's Neighborhood {tvdb-261511}/Season 1/Daniel Tiger's Neighborhood s01e45-e46 Clean Up Time + Neighborhood Clean Up [WEBDL-1080p][EAC3 2.0][h264].mkv","Daniel Tiger's Neighborhood s01e45-e46 Clean Up Time + Neighborhood Clean Up [WEBDL-1080p][EAC3 2.0][h264]","pjctxUp1b","k45kxSA7SE",false,"mkv","{""ffProbeRead"":""success""}","{""format"":{},""streams"":[{""codec_name"":""h264"",""codec_type"":""video"",""tags"":{},""width"":1920,""height"":1080},{""codec_name"":""eac3"",""codec_type"":""audio"",""bit_rate"":""224000"",""channels"":2,""tags"":{""language"":""eng""}},{""codec_name"":""subrip"",""codec_type"":""subtitle"",""tags"":{""language"":""eng""},""duration"":""1588.003000""},{""codec_name"":""subrip"",""codec_type"":""subtitle"",""tags"":{""language"":""eng"",""title"":""SDH""},""duration"":""1588.003000""}]}",1898.7295141220093,"1080p","video","h264","eac3","none",1746610123636,10030017,1588,"{""mtimeMs"":1746608586838.0696,""ctimeMs"":1746608586838.0696}","Success","Transcode error",1746878346334,1749110128790,1751048135698,1,"",1.8542280411347747,0,0,0,
"//nas2/assets3/_TV/Daniel Tiger's Neighborhood {tvdb-261511}/Season 2/Daniel Tiger's Neighborhood s02e18-e19 Miss Elaina Gets Hurt + Daniel Feels Better [WEBRip-1080p][EAC3 2.0][h264].mkv","//nas2/assets3/_TV/Daniel Tiger's Neighborhood {tvdb-261511}/Season 2/Daniel Tiger's Neighborhood s02e18-e19 Miss Elaina Gets Hurt + Daniel Feels Better [WEBRip-1080p][EAC3 2.0][h264].mkv","Daniel Tiger's Neighborhood s02e18-e19 Miss Elaina Gets Hurt + Daniel Feels Better [WEBRip-1080p][EAC3 2.0][h264]","pjctxUp1b","Wi2TEiX9aW",false,"mkv","{""ffProbeRead"":""success""}","{""format"":{},""streams"":[{""codec_name"":""eac3"",""codec_type"":""audio"",""bit_rate"":""224000"",""channels"":2,""tags"":{""language"":""eng""}},{""codec_name"":""h264"",""codec_type"":""video"",""tags"":{""language"":""eng""},""width"":1920,""height"":1080}]}",1610.5884265899658,"1080p","video","h264","eac3","none",1748862712279,8493639,1590,"{""mtimeMs"":1748859610639.0247,""ctimeMs"":1748859610639.0247}","Success","Transcode error",1748962489895,1751362718216,1751047855059,1,"",1.5728402603417635,0,0,1,
"//nas2/assets3/_TV/Daniel Tiger's Neighborhood {tvdb-261511}/Season 2/Daniel Tiger's Neighborhood s02e29-e30 Daniel Makes A Mistake + Baking Mistakes [WEBRip-1080p][EAC3 2.0][h264].mkv","//nas2/assets3/_TV/Daniel Tiger's Neighborhood {tvdb-261511}/Season 2/Daniel Tiger's Neighborhood s02e29-e30 Daniel Makes A Mistake + Baking Mistakes [WEBRip-1080p][EAC3 2.0][h264].mkv","Daniel Tiger's Neighborhood s02e29-e30 Daniel Makes A Mistake + Baking Mistakes [WEBRip-1080p][EAC3 2.0][h264]","pjctxUp1b","rrw91brgJQ",false,"mkv","{""ffProbeRead"":""success""}","{""format"":{},""streams"":[{""codec_name"":""eac3"",""codec_type"":""audio"",""bit_rate"":""224000"",""channels"":2,""tags"":{}},{""codec_name"":""h264"",""codec_type"":""video"",""tags"":{},""width"":1920,""height"":1080}]}",1435.096845626831,"1080p","video","h264","eac3","none",1748862712854,7564396,1591,"{""mtimeMs"":1748860293721.0825,""ctimeMs"":1748860293721.0825}","Success","Transcode error",1748962468227,1751362718218,1751047789108,1,"",1.4014617633074522,0,0,1,
"//nas2/assets3/_TV/Daniel Tiger's Neighborhood {tvdb-261511}/Season 2/Daniel Tiger's Neighborhood s02e33-e34 Daniel Takes Care of Snowball + Margaret's Bathtime [WEBRip-1080p][EAC3 2.0][h264].mkv","//nas2/assets3/_TV/Daniel Tiger's Neighborhood {tvdb-261511}/Season 2/Daniel Tiger's Neighborhood s02e33-e34 Daniel Takes Care of Snowball + Margaret's Bathtime [WEBRip-1080p][EAC3 2.0][h264].mkv","Daniel Tiger's Neighborhood s02e33-e34 Daniel Takes Care of Snowball + Margaret's Bathtime [WEBRip-1080p][EAC3 2.0][h264]","pjctxUp1b","Idf5F_sor",false,"mkv","{""ffProbeRead"":""success""}","{""format"":{},""streams"":[{""codec_name"":""h264"",""codec_type"":""video"",""tags"":{},""width"":1920,""height"":1080},{""codec_name"":""eac3"",""codec_type"":""audio"",""bit_rate"":""224000"",""channels"":2,""tags"":{""language"":""eng""}}]}",1597.267128944397,"1080p","video","h264","eac3","none",1748862713734,8425597,1590,"{""mtimeMs"":1748859702634.6216,""ctimeMs"":1748859702634.6216}","Success","Transcode error",1748962485988,1751362718219,1751047710458,1,"",1.5598311806097627,0,0,0,
"//nas2/assets3/_TV/Daniel Tiger's Neighborhood {tvdb-261511}/Season 2/Daniel Tiger's Neighborhood s02e31-e32 Daniel Thinks of Others + Daniel Thinks of What Margaret Needs [WEBRip-1080p][EAC3 2.0][h264].mkv","//nas2/assets3/_TV/Daniel Tiger's Neighborhood {tvdb-261511}/Season 2/Daniel Tiger's Neighborhood s02e31-e32 Daniel Thinks of Others + Daniel Thinks of What Margaret Needs [WEBRip-1080p][EAC3 2.0][h264].mkv","Daniel Tiger's Neighborhood s02e31-e32 Daniel Thinks of Others + Daniel Thinks of What Margaret Needs [WEBRip-1080p][EAC3 2.0][h264]","pjctxUp1b","KAHf3BqRLt",false,"mkv","{""ffProbeRead"":""success""}","{""format"":{},""streams"":[{""codec_name"":""h264"",""codec_type"":""video"",""tags"":{},""width"":1920,""height"":1080},{""codec_name"":""eac3"",""codec_type"":""audio"",""bit_rate"":""224000"",""channels"":2,""tags"":{""language"":""eng""}}]}",1584.7588939666748,"1080p","video","h264","eac3","none",1748862713265,8355234,1591,"{""mtimeMs"":1748859770640.4626,""ctimeMs"":1748859770640.4626}","Success","Transcode error",1748962485593,1751362718219,1751047705139,1,"",1.5476161073893309,0,0,0,
"//nas2/assets3/_TV/Daniel Tiger's Neighborhood {tvdb-261511}/Season 2/Daniel Tiger's Neighborhood s02e12-e13 Daniel's Winter Adventure + Neighborhood Nutcracker [WEBRip-1080p][EAC3 2.0][h264].mkv","//nas2/assets3/_TV/Daniel Tiger's Neighborhood {tvdb-261511}/Season 2/Daniel Tiger's Neighborhood s02e12-e13 Daniel's Winter Adventure + Neighborhood Nutcracker [WEBRip-1080p][EAC3 2.0][h264].mkv","Daniel Tiger's Neighborhood s02e12-e13 Daniel's Winter Adventure + Neighborhood Nutcracker [WEBRip-1080p][EAC3 2.0][h264]","pjctxUp1b","IIQPh6smZ",false,"mkv","{""ffProbeRead"":""success""}","{""format"":{},""streams"":[{""codec_name"":""h264"",""codec_type"":""video"",""tags"":{""language"":""eng""},""width"":1920,""height"":1080},{""codec_name"":""eac3"",""codec_type"":""audio"",""bit_rate"":""224000"",""channels"":2,""tags"":{""language"":""eng""}}]}",1193.3644790649414,"1080p","video","h264","eac3","none",1748967104208,6288241,1591,"{""mtimeMs"":1748963403125.615,""ctimeMs"":1748963403125.615}","Success","Transcode error",1749285919202,0,1751047697508,1,"",1.1653949990868568,0,0,0,1749285974502
"//nas2/assets3/_TV/Daniel Tiger's Neighborhood {tvdb-261511}/Season 2/Daniel Tiger's Neighborhood s02e06-e07 Playtime Is Different + The Playground Is Different With Baby [WEBRip-1080p][EAC3 2.0][h264].mkv","//nas2/assets3/_TV/Daniel Tiger's Neighborhood {tvdb-261511}/Season 2/Daniel Tiger's Neighborhood s02e06-e07 Playtime Is Different + The Playground Is Different With Baby [WEBRip-1080p][EAC3 2.0][h264].mkv","Daniel Tiger's Neighborhood s02e06-e07 Playtime Is Different + The Playground Is Different With Baby [WEBRip-1080p][EAC3 2.0][h264]","pjctxUp1b","aOvvGR5xcw",false,"mkv","{""ffProbeRead"":""success""}","{""format"":{},""streams"":[{""codec_name"":""eac3"",""codec_type"":""audio"",""bit_rate"":""224000"",""channels"":2,""tags"":{""language"":""eng""}},{""codec_name"":""h264"",""codec_type"":""video"",""tags"":{""language"":""eng""},""width"":1920,""height"":1080}]}",1571.4509048461914,"1080p","video","h264","eac3","none",1748862710272,8290505,1590,"{""mtimeMs"":1748859837820.203,""ctimeMs"":1748859837820.203}","Success","Transcode error",1748962481842,1751362718214,1751047491779,0,"",1.5346200242638588,0,0,1,
"//nas2/assets3/_TV/Daniel Tiger's Neighborhood {tvdb-261511}/Season 2/Daniel Tiger's Neighborhood s02e35-e36 Friends and Feelings + Daniel's Day of Many Feelings [WEBRip-1080p][EAC3 2.0][h264].mkv","//nas2/assets3/_TV/Daniel Tiger's Neighborhood {tvdb-261511}/Season 2/Daniel Tiger's Neighborhood s02e35-e36 Friends and Feelings + Daniel's Day of Many Feelings [WEBRip-1080p][EAC3 2.0][h264].mkv","Daniel Tiger's Neighborhood s02e35-e36 Friends and Feelings + Daniel's Day of Many Feelings [WEBRip-1080p][EAC3 2.0][h264]","pjctxUp1b","Jws2biBsMq",false,"mkv","{""ffProbeRead"":""success""}","{""format"":{},""streams"":[{""codec_name"":""eac3"",""codec_type"":""audio"",""bit_rate"":""224000"",""channels"":2,""tags"":{""language"":""eng""}},{""codec_name"":""h264"",""codec_type"":""video"",""tags"":{},""width"":1920,""height"":1080}]}",1477.081868171692,"1080p","video","h264","eac3","none",1748862714243,7790805,1590,"{""mtimeMs"":1748860171365.815,""ctimeMs"":1748860171365.815}","Success","Transcode error",1748962471788,1751362718220,1751047464858,0,"",1.4424627618864179,0,0,1,
"//nas2/assets3/_TV/Daniel Tiger's Neighborhood {tvdb-261511}/Season 2/Daniel Tiger's Neighborhood s02e22 Nighttime in the Neighborhood [WEBRip-1080p][EAC3 2.0][h264].mkv","//nas2/assets3/_TV/Daniel Tiger's Neighborhood {tvdb-261511}/Season 2/Daniel Tiger's Neighborhood s02e22 Nighttime in the Neighborhood [WEBRip-1080p][EAC3 2.0][h264].mkv","Daniel Tiger's Neighborhood s02e22 Nighttime in the Neighborhood [WEBRip-1080p][EAC3 2.0][h264]","pjctxUp1b","YYsD6kwBq",false,"mkv","{""ffProbeRead"":""success""}","{""format"":{},""streams"":[{""codec_name"":""eac3"",""codec_type"":""audio"",""bit_rate"":""224000"",""channels"":2,""tags"":{""language"":""eng""}},{""codec_name"":""h264"",""codec_type"":""video"",""tags"":{""language"":""eng""},""width"":1920,""height"":1080}]}",1436.5175514221191,"1080p","video","h264","eac3","none",1748862712537,7572679,1591,"{""mtimeMs"":1748860233177.698,""ctimeMs"":1748860233177.698}","Success","Transcode error",1748962467090,1751362718217,1751047455834,0,"",1.4028491713106632,0,0,1,
"//nas2/assets3/_TV/Daniel Tiger's Neighborhood {tvdb-261511}/Season 1/Daniel Tiger's Neighborhood s01e62-e63 Katerina's Costume + Dress Up Day [WEBDL-1080p][EAC3 2.0][h264].mkv","//nas2/assets3/_TV/Daniel Tiger's Neighborhood {tvdb-261511}/Season 1/Daniel Tiger's Neighborhood s01e62-e63 Katerina's Costume + Dress Up Day [WEBDL-1080p][EAC3 2.0][h264].mkv","Daniel Tiger's Neighborhood s01e62-e63 Katerina's Costume + Dress Up Day [WEBDL-1080p][EAC3 2.0][h264]","pjctxUp1b","C8HvMem6N",false,"mkv","{""ffProbeRead"":""success""}","{""format"":{},""streams"":[{""codec_name"":""h264"",""codec_type"":""video"",""tags"":{},""width"":1920,""height"":1080},{""codec_name"":""eac3"",""codec_type"":""audio"",""bit_rate"":""224000"",""channels"":2,""tags"":{""language"":""eng""}}]}",1536.278964996338,"1080p","video","h264","eac3","none",1748862709264,8113460,1588,"{""mtimeMs"":1748860044245.831,""ctimeMs"":1748860044245.831}","Success","Transcode error",1748962477051,1751362718212,1751047284212,1,"",1.5002724267542362,0,0,0,