"_id","file","DB","footprintId","hasClosedCaptions","container","scannerReads","ffProbeData","file_size","video_resolution","fileMedium","video_codec_name","audio_codec_name","lastPluginDetails","createdAt","bit_rate","duration","statSync","HealthCheck","TranscodeDecisionMaker","lastHealthCheckDate","holdUntil","lastTranscodeDate","bumped","history","oldSize","newSize","newVsOldRatio","videoStreamIndex","lastUpdate"
"//nas5/assets2/_TV/Call My Agent! {tvdb-300247}/Season 3/Call My Agent! s03e06 ASK [WEBDL-1080p][AAC 2.0][h264].mkv","//nas5/assets2/_TV/Call My Agent! {tvdb-300247}/Season 3/Call My Agent! s03e06 ASK [WEBDL-1080p][AAC 2.0][h264].mkv","wMbtXSLTt","9-GzQ8zOj",false,"mkv","{""ffProbeRead"":""success""}","{""format"":{},""streams"":[{""codec_name"":""aac"",""codec_type"":""audio"",""bit_rate"":""127999"",""channels"":2,""tags"":{""language"":""spa""},""duration"":""3984.256000"",""nb_frames"":""93381""},{""codec_name"":""aac"",""codec_type"":""audio"",""bit_rate"":""127999"",""channels"":2,""tags"":{""language"":""fre""},""duration"":""3984.256000"",""nb_frames"":""93381""},{""codec_name"":""aac"",""codec_type"":""audio"",""bit_rate"":""127999"",""channels"":2,""tags"":{""language"":""ita""},""duration"":""3984.256000"",""nb_frames"":""93381""},{""codec_name"":""aac"",""codec_type"":""audio"",""bit_rate"":""127999"",""channels"":2,""tags"":{""language"":""pol""},""duration"":""3984.256000"",""nb_frames"":""93381""},{""codec_name"":""aac"",""codec_type"":""audio"",""bit_rate"":""127999"",""channels"":2,""tags"":{""language"":""por""},""duration"":""3984.256000"",""nb_frames"":""93381""},{""codec_name"":""eac3"",""codec_type"":""audio"",""bit_rate"":""640000"",""channels"":6,""tags"":{""language"":""spa""},""duration"":""3984.416000"",""nb_frames"":""124513""},{""codec_name"":""eac3"",""codec_type"":""audio"",""bit_rate"":""640000"",""channels"":6,""tags"":{""language"":""fre""},""duration"":""3984.416000"",""nb_frames"":""124513""},{""codec_name"":""eac3"",""codec_type"":""audio"",""bit_rate"":""640000"",""channels"":6,""tags"":{""language"":""ita""},""duration"":""3984.416000"",""nb_frames"":""124513""},{""codec_name"":""eac3"",""codec_type"":""audio"",""bit_rate"":""640000"",""channels"":6,""tags"":{""language"":""pol""},""duration"":""3984.416000"",""nb_frames"":""124513""},{""codec_name"":""eac3"",""codec_type"":""audio"",""bit_rate"":""640000"",""channels"":6,""tags"":{""language"":""por""},""duration"":""3984.416000"",""nb_frames"":""124513""},{""codec_name"":""h264"",""codec_type"":""video"",""bit_rate"":""2287721"",""tags"":{""language"":""und""},""duration"":""3982.880000"",""width"":1920,""height"":1080,""nb_frames"":""99572""},{""codec_name"":""mov_text"",""codec_type"":""subtitle"",""bit_rate"":""88"",""tags"":{""language"":""eng""},""duration"":""3964.125000"",""nb_frames"":""2445""},{""codec_name"":""mov_text"",""codec_type"":""subtitle"",""bit_rate"":""85"",""tags"":{""language"":""spa""},""duration"":""3964.125000"",""nb_frames"":""2464""},{""codec_name"":""mov_text"",""codec_type"":""subtitle"",""bit_rate"":""74"",""tags"":{""language"":""ita""},""duration"":""3964.125000"",""nb_frames"":""2285""},{""codec_name"":""dvd_subtitle"",""codec_type"":""subtitle"",""bit_rate"":""10040"",""tags"":{""language"":""chi""},""duration"":""3958.120000"",""width"":1920,""height"":1080,""nb_frames"":""1265""},{""codec_name"":""mov_text"",""codec_type"":""subtitle"",""bit_rate"":""77"",""tags"":{""language"":""fre""},""duration"":""3889.205000"",""nb_frames"":""2183""}]}",2917.330249786377,"1080p","video","h264","","none",1728212476287,6142014,3984,"{""mtimeMs"":1605077829000,""ctimeMs"":1605077829000}","Success","Transcode error",1728222995238,0,1731967007769,false,"",0,0,0,10,
"//nas2/assets3/_TV/Cobra Kai {tvdb-332858}/Season 3/Cobra Kai s03e10 December 19 [WEBDL-1080p][AAC 2.0][h264].mkv","//nas2/assets3/_TV/Cobra Kai {tvdb-332858}/Season 3/Cobra Kai s03e10 December 19 [WEBDL-1080p][AAC 2.0][h264].mkv","pjctxUp1b","T_a-xlStv",false,"mkv","{""ffProbeRead"":""success""}","{""format"":{},""streams"":[{""codec_name"":""aac"",""codec_type"":""audio"",""bit_rate"":""127999"",""channels"":2,""tags"":{""language"":""ger""},""duration"":""2461.056000"",""nb_frames"":""57681""},{""codec_name"":""aac"",""codec_type"":""audio"",""bit_rate"":""127999"",""channels"":2,""tags"":{""language"":""eng""},""duration"":""2461.013333"",""nb_frames"":""57680""},{""codec_name"":""aac"",""codec_type"":""audio"",""bit_rate"":""127999"",""channels"":2,""tags"":{""language"":""spa""},""duration"":""2461.056000"",""nb_frames"":""57681""},{""codec_name"":""aac"",""codec_type"":""audio"",""bit_rate"":""127999"",""channels"":2,""tags"":{""language"":""fre""},""duration"":""2461.056000"",""nb_frames"":""57681""},{""codec_name"":""aac"",""codec_type"":""audio"",""bit_rate"":""127999"",""channels"":2,""tags"":{""language"":""ita""},""duration"":""2461.056000"",""nb_frames"":""57681""},{""codec_name"":""eac3"",""codec_type"":""audio"",""bit_rate"":""640000"",""channels"":6,""tags"":{""language"":""ger""},""duration"":""2461.088000"",""nb_frames"":""76909""},{""codec_name"":""eac3"",""codec_type"":""audio"",""bit_rate"":""640000"",""channels"":6,""tags"":{""language"":""eng""},""duration"":""2461.088000"",""nb_frames"":""76909""},{""codec_name"":""eac3"",""codec_type"":""audio"",""bit_rate"":""640000"",""channels"":6,""tags"":{""language"":""spa""},""duration"":""2461.088000"",""nb_frames"":""76909""},{""codec_name"":""eac3"",""codec_type"":""audio"",""bit_rate"":""640000"",""channels"":6,""tags"":{""language"":""fre""},""duration"":""2461.088000"",""nb_frames"":""76909""},{""codec_name"":""eac3"",""codec_type"":""audio"",""bit_rate"":""640000"",""channels"":6,""tags"":{""language"":""ita""},""duration"":""2461.088000"",""nb_frames"":""76909""},{""codec_name"":""aac"",""codec_type"":""audio"",""bit_rate"":""127999"",""channels"":2,""tags"":{""language"":""eng""},""duration"":""2461.056000"",""nb_frames"":""57681""},{""codec_name"":""eac3"",""codec_type"":""audio"",""bit_rate"":""640000"",""channels"":6,""tags"":{""language"":""eng""},""duration"":""2461.088000"",""nb_frames"":""76909""},{""codec_name"":""h264"",""codec_type"":""video"",""bit_rate"":""3245682"",""tags"":{""language"":""und""},""duration"":""2460.916792"",""width"":1920,""height"":1080,""nb_frames"":""59003""},{""codec_name"":""mov_text"",""codec_type"":""subtitle"",""bit_rate"":""45"",""tags"":{""language"":""ger""},""duration"":""2380.837000"",""nb_frames"":""782""},{""codec_name"":""mov_text"",""codec_type"":""subtitle"",""bit_rate"":""45"",""tags"":{""language"":""spa""},""duration"":""2380.837000"",""nb_frames"":""795""},{""codec_name"":""mov_text"",""codec_type"":""subtitle"",""bit_rate"":""43"",""tags"":{""language"":""fre""},""duration"":""2375.748000"",""nb_frames"":""761""},{""codec_name"":""mov_text"",""codec_type"":""subtitle"",""bit_rate"":""42"",""tags"":{""language"":""ita""},""duration"":""2377.834000"",""nb_frames"":""797""},{""codec_name"":""mov_text"",""codec_type"":""subtitle"",""bit_rate"":""62"",""tags"":{""language"":""eng""},""duration"":""2288.661000"",""nb_frames"":""1020""}]}",2305.784091949463,"1080p","video","h264","","none",1728212430793,7859255,2461,"{""mtimeMs"":1609472532084.4573,""ctimeMs"":1609472532084.4573}","Success","Transcode error",1728224892818,0,1731966999661,false,"",0,0,0,12,
"//nas2/assets3/_TV/Cobra Kai {tvdb-332858}/Season 3/Cobra Kai s03e05 Miyagi-Do [WEBDL-1080p][AAC 2.0][h264].mkv","//nas2/assets3/_TV/Cobra Kai {tvdb-332858}/Season 3/Cobra Kai s03e05 Miyagi-Do [WEBDL-1080p][AAC 2.0][h264].mkv","pjctxUp1b","NdvZPvAUw",false,"mkv","{""ffProbeRead"":""success""}","{""format"":{},""streams"":[{""codec_name"":""aac"",""codec_type"":""audio"",""bit_rate"":""127999"",""channels"":2,""tags"":{""language"":""ger""},""duration"":""2362.965333"",""nb_frames"":""55382""},{""codec_name"":""aac"",""codec_type"":""audio"",""bit_rate"":""127999"",""channels"":2,""tags"":{""language"":""eng""},""duration"":""2362.922667"",""nb_frames"":""55381""},{""codec_name"":""aac"",""codec_type"":""audio"",""bit_rate"":""127999"",""channels"":2,""tags"":{""language"":""spa""},""duration"":""2362.965333"",""nb_frames"":""55382""},{""codec_name"":""aac"",""codec_type"":""audio"",""bit_rate"":""127999"",""channels"":2,""tags"":{""language"":""fre""},""duration"":""2362.922667"",""nb_frames"":""55381""},{""codec_name"":""aac"",""codec_type"":""audio"",""bit_rate"":""127999"",""channels"":2,""tags"":{""language"":""ita""},""duration"":""2362.965333"",""nb_frames"":""55382""},{""codec_name"":""eac3"",""codec_type"":""audio"",""bit_rate"":""640000"",""channels"":6,""tags"":{""language"":""ger""},""duration"":""2363.168000"",""nb_frames"":""73849""},{""codec_name"":""eac3"",""codec_type"":""audio"",""bit_rate"":""640000"",""channels"":6,""tags"":{""language"":""eng""},""duration"":""2363.168000"",""nb_frames"":""73849""},{""codec_name"":""eac3"",""codec_type"":""audio"",""bit_rate"":""640000"",""channels"":6,""tags"":{""language"":""spa""},""duration"":""2363.168000"",""nb_frames"":""73849""},{""codec_name"":""eac3"",""codec_type"":""audio"",""bit_rate"":""640000"",""channels"":6,""tags"":{""language"":""fre""},""duration"":""2363.168000"",""nb_frames"":""73849""},{""codec_name"":""eac3"",""codec_type"":""audio"",""bit_rate"":""640000"",""channels"":6,""tags"":{""language"":""ita""},""duration"":""2363.168000"",""nb_frames"":""73849""},{""codec_name"":""aac"",""codec_type"":""audio"",""bit_rate"":""127999"",""channels"":2,""tags"":{""language"":""eng""},""duration"":""2362.922667"",""nb_frames"":""55381""},{""codec_name"":""eac3"",""codec_type"":""audio"",""bit_rate"":""640000"",""channels"":6,""tags"":{""language"":""eng""},""duration"":""2363.168000"",""nb_frames"":""73849""},{""codec_name"":""h264"",""codec_type"":""video"",""bit_rate"":""3472663"",""tags"":{""language"":""und""},""duration"":""2361.776083"",""width"":1920,""height"":1080,""nb_frames"":""56626""},{""codec_name"":""mov_text"",""codec_type"":""subtitle"",""bit_rate"":""53"",""tags"":{""language"":""ger""},""duration"":""2281.696000"",""nb_frames"":""891""},{""codec_name"":""mov_text"",""codec_type"":""subtitle"",""bit_rate"":""54"",""tags"":{""language"":""spa""},""duration"":""2281.696000"",""nb_frames"":""931""},{""codec_name"":""mov_text"",""codec_type"":""subtitle"",""bit_rate"":""54"",""tags"":{""language"":""fre""},""duration"":""2277.609000"",""nb_frames"":""871""},{""codec_name"":""mov_text"",""codec_type"":""subtitle"",""bit_rate"":""52"",""tags"":{""language"":""ita""},""duration"":""2281.696000"",""nb_frames"":""920""},{""codec_name"":""mov_text"",""codec_type"":""subtitle"",""bit_rate"":""69"",""tags"":{""language"":""eng""},""duration"":""2239.571000"",""nb_frames"":""1130""}]}",2277.479468345642,"1080p","video","h264","","none",1728212426928,8084436,2363,"{""mtimeMs"":1609471331162.4019,""ctimeMs"":1609471331162.4019}","Success","Transcode error",1728224882559,0,1731966994343,false,"",0,0,0,12,
"//nas2/assets3/_TV/Cobra Kai {tvdb-332858}/Season 3/Cobra Kai s03e02 Nature Vs. Nurture [WEBDL-1080p][AAC 2.0][h264].mkv","//nas2/assets3/_TV/Cobra Kai {tvdb-332858}/Season 3/Cobra Kai s03e02 Nature Vs. Nurture [WEBDL-1080p][AAC 2.0][h264].mkv","pjctxUp1b","yeEVfn_Mf",false,"mkv","{""ffProbeRead"":""success""}","{""format"":{},""streams"":[{""codec_name"":""aac"",""codec_type"":""audio"",""bit_rate"":""127999"",""channels"":2,""tags"":{""language"":""ger""},""duration"":""2256.853333"",""nb_frames"":""52895""},{""codec_name"":""aac"",""codec_type"":""audio"",""bit_rate"":""127999"",""channels"":2,""tags"":{""language"":""eng""},""duration"":""2256.810667"",""nb_frames"":""52894""},{""codec_name"":""aac"",""codec_type"":""audio"",""bit_rate"":""127999"",""channels"":2,""tags"":{""language"":""spa""},""duration"":""2256.853333"",""nb_frames"":""52895""},{""codec_name"":""aac"",""codec_type"":""audio"",""bit_rate"":""127999"",""channels"":2,""tags"":{""language"":""fre""},""duration"":""2256.810667"",""nb_frames"":""52894""},{""codec_name"":""aac"",""codec_type"":""audio"",""bit_rate"":""127999"",""channels"":2,""tags"":{""language"":""ita""},""duration"":""2256.853333"",""nb_frames"":""52895""},{""codec_name"":""eac3"",""codec_type"":""audio"",""bit_rate"":""640000"",""channels"":6,""tags"":{""language"":""ger""},""duration"":""2256.800000"",""nb_frames"":""70525""},{""codec_name"":""eac3"",""codec_type"":""audio"",""bit_rate"":""640000"",""channels"":6,""tags"":{""language"":""eng""},""duration"":""2256.800000"",""nb_frames"":""70525""},{""codec_name"":""eac3"",""codec_type"":""audio"",""bit_rate"":""640000"",""channels"":6,""tags"":{""language"":""spa""},""duration"":""2256.800000"",""nb_frames"":""70525""},{""codec_name"":""eac3"",""codec_type"":""audio"",""bit_rate"":""640000"",""channels"":6,""tags"":{""language"":""fre""},""duration"":""2256.800000"",""nb_frames"":""70525""},{""codec_name"":""eac3"",""codec_type"":""audio"",""bit_rate"":""640000"",""channels"":6,""tags"":{""language"":""ita""},""duration"":""2256.800000"",""nb_frames"":""70525""},{""codec_name"":""aac"",""codec_type"":""audio"",""bit_rate"":""127999"",""channels"":2,""tags"":{""language"":""eng""},""duration"":""2256.853333"",""nb_frames"":""52895""},{""codec_name"":""eac3"",""codec_type"":""audio"",""bit_rate"":""640000"",""channels"":6,""tags"":{""language"":""eng""},""duration"":""2256.800000"",""nb_frames"":""70525""},{""codec_name"":""h264"",""codec_type"":""video"",""bit_rate"":""2992357"",""tags"":{""language"":""und""},""duration"":""2254.835917"",""width"":1920,""height"":1080,""nb_frames"":""54062""},{""codec_name"":""mov_text"",""codec_type"":""subtitle"",""bit_rate"":""63"",""tags"":{""language"":""ger""},""duration"":""2176.758000"",""nb_frames"":""1053""},{""codec_name"":""mov_text"",""codec_type"":""subtitle"",""bit_rate"":""63"",""tags"":{""language"":""spa""},""duration"":""2176.758000"",""nb_frames"":""1074""},{""codec_name"":""mov_text"",""codec_type"":""subtitle"",""bit_rate"":""65"",""tags"":{""language"":""fre""},""duration"":""2172.504000"",""nb_frames"":""1022""},{""codec_name"":""mov_text"",""codec_type"":""subtitle"",""bit_rate"":""61"",""tags"":{""language"":""ita""},""duration"":""2173.380000"",""nb_frames"":""1052""},{""codec_name"":""mov_text"",""codec_type"":""subtitle"",""bit_rate"":""77"",""tags"":{""language"":""eng""},""duration"":""2134.632000"",""nb_frames"":""1217""},{""codec_name"":""mjpeg"",""codec_type"":""video"",""tags"":{},""duration"":""2256.853333"",""width"":350,""height"":197}]}",2045.6586294174194,"1080p","video","h264","","none",1728212425188,7603608,2256,"{""mtimeMs"":1609470518296.3965,""ctimeMs"":1609470518296.3965}","Success","Transcode error",1728224672263,0,1731966990140,false,"",0,0,0,12,
"//nas2/assets1/_TV/Strike Back {tvdb-148581}/Season 8/Strike Back s08e04 Episode 4 [WEBDL-1080p][EAC3 5.1][h264].mkv","//nas2/assets1/_TV/Strike Back {tvdb-148581}/Season 8/Strike Back s08e04 Episode 4 [WEBDL-1080p][EAC3 5.1][h264].mkv","_Otf5nxUE2E","4IzSX8k0iH",false,"mkv","{""ffProbeRead"":""success""}","{""format"":{},""streams"":[{""codec_name"":""h264"",""codec_type"":""video"",""tags"":{},""width"":1920,""height"":1080},{""codec_name"":""eac3"",""codec_type"":""audio"",""bit_rate"":""256000"",""channels"":6,""tags"":{}},{""codec_type"":""subtitle"",""tags"":{""language"":""eng""}}]}",2042.560980796814,"1080p","video","h264","","none",1728212720889,5493380,3119,"{""mtimeMs"":1583551286815.6355,""ctimeMs"":1583551286815.6355}","Success","Transcode error",1728219072635,0,1731966984983,false,"",0,0,0,0,
"//nas2/assets3/_TV/Cobra Kai {tvdb-332858}/Season 3/Cobra Kai s03e06 King Cobra [WEBDL-1080p][AAC 2.0][h264].mkv","//nas2/assets3/_TV/Cobra Kai {tvdb-332858}/Season 3/Cobra Kai s03e06 King Cobra [WEBDL-1080p][AAC 2.0][h264].mkv","pjctxUp1b","fuHimcUw9u",false,"mkv","{""ffProbeRead"":""success""}","{""format"":{},""streams"":[{""codec_name"":""aac"",""codec_type"":""audio"",""bit_rate"":""127999"",""channels"":2,""tags"":{""language"":""ger""},""duration"":""2052.650667"",""nb_frames"":""48109""},{""codec_name"":""aac"",""codec_type"":""audio"",""bit_rate"":""127999"",""channels"":2,""tags"":{""language"":""eng""},""duration"":""2052.608000"",""nb_frames"":""48108""},{""codec_name"":""aac"",""codec_type"":""audio"",""bit_rate"":""127999"",""channels"":2,""tags"":{""language"":""spa""},""duration"":""2052.650667"",""nb_frames"":""48109""},{""codec_name"":""aac"",""codec_type"":""audio"",""bit_rate"":""127999"",""channels"":2,""tags"":{""language"":""fre""},""duration"":""2052.650667"",""nb_frames"":""48109""},{""codec_name"":""aac"",""codec_type"":""audio"",""bit_rate"":""127999"",""channels"":2,""tags"":{""language"":""ita""},""duration"":""2052.650667"",""nb_frames"":""48109""},{""codec_name"":""eac3"",""codec_type"":""audio"",""bit_rate"":""640000"",""channels"":6,""tags"":{""language"":""ger""},""duration"":""2052.896000"",""nb_frames"":""64153""},{""codec_name"":""eac3"",""codec_type"":""audio"",""bit_rate"":""640000"",""channels"":6,""tags"":{""language"":""eng""},""duration"":""2052.896000"",""nb_frames"":""64153""},{""codec_name"":""eac3"",""codec_type"":""audio"",""bit_rate"":""640000"",""channels"":6,""tags"":{""language"":""spa""},""duration"":""2052.896000"",""nb_frames"":""64153""},{""codec_name"":""eac3"",""codec_type"":""audio"",""bit_rate"":""640000"",""channels"":6,""tags"":{""language"":""fre""},""duration"":""2052.896000"",""nb_frames"":""64153""},{""codec_name"":""eac3"",""codec_type"":""audio"",""bit_rate"":""640000"",""channels"":6,""tags"":{""language"":""ita""},""duration"":""2052.896000"",""nb_frames"":""64153""},{""codec_name"":""aac"",""codec_type"":""audio"",""bit_rate"":""127999"",""channels"":2,""tags"":{""language"":""eng""},""duration"":""2052.650667"",""nb_frames"":""48109""},{""codec_name"":""eac3"",""codec_type"":""audio"",""bit_rate"":""640000"",""channels"":6,""tags"":{""language"":""eng""},""duration"":""2052.896000"",""nb_frames"":""64153""},{""codec_name"":""h264"",""codec_type"":""video"",""bit_rate"":""2738841"",""tags"":{""language"":""und""},""duration"":""2050.715333"",""width"":1920,""height"":1080,""nb_frames"":""49168""},{""codec_name"":""mov_text"",""codec_type"":""subtitle"",""bit_rate"":""71"",""tags"":{""language"":""ger""},""duration"":""1972.637000"",""nb_frames"":""995""},{""codec_name"":""mov_text"",""codec_type"":""subtitle"",""bit_rate"":""72"",""tags"":{""language"":""spa""},""duration"":""1972.637000"",""nb_frames"":""1026""},{""codec_name"":""mov_text"",""codec_type"":""subtitle"",""bit_rate"":""71"",""tags"":{""language"":""fre""},""duration"":""1968.550000"",""nb_frames"":""988""},{""codec_name"":""mov_text"",""codec_type"":""subtitle"",""bit_rate"":""68"",""tags"":{""language"":""ita""},""duration"":""1969.634000"",""nb_frames"":""1039""},{""codec_name"":""mov_text"",""codec_type"":""subtitle"",""bit_rate"":""89"",""tags"":{""language"":""eng""},""duration"":""1930.512000"",""nb_frames"":""1129""},{""codec_name"":""mjpeg"",""codec_type"":""video"",""tags"":{},""duration"":""2052.896000"",""width"":350,""height"":197}]}",1798.7045555114746,"1080p","video","h264","","none",1728212427706,7349922,2052,"{""mtimeMs"":1609471579192.6204,""ctimeMs"":1609471579192.6204}","Success","Transcode error",1728224650266,0,1731966980210,false,"",0,0,0,12,
"//nas5/assets4/_TV/Hobby Man {tvdb-423555}/Season 1/Hobby Man s01e01 Edinburgh with Scarlett Moffatt [WEBDL-1080p][AAC 2.0][h264].mkv","//nas5/assets4/_TV/Hobby Man {tvdb-423555}/Season 1/Hobby Man s01e01 Edinburgh with Scarlett Moffatt [WEBDL-1080p][AAC 2.0][h264].mkv","DPF0OBsCeGc","S-epACVj-K",false,"mkv","{""ffProbeRead"":""success""}","{""format"":{},""streams"":[{""codec_name"":""h264"",""codec_type"":""video"",""tags"":{""language"":""eng""},""width"":1920,""height"":1080},{""codec_name"":""aac"",""codec_type"":""audio"",""channels"":2,""tags"":{""language"":""eng""}},{""codec_name"":""subrip"",""codec_type"":""subtitle"",""tags"":{""language"":""eng"",""title"":""English plain srt""}},{""codec_name"":""subrip"",""codec_type"":""subtitle"",""tags"":{""language"":""eng"",""title"":""English srt""}},{""codec_type"":""subtitle"",""tags"":{""language"":""eng"",""title"":""English""}},{""codec_name"":""mjpeg"",""codec_type"":""video"",""tags"":{""title"":""Episode thumnail""},""duration"":""2818.816000"",""width"":1920,""height"":1080}]}",1709.9772472381592,"1080p","video","h264","","none",1728212658195,5088777,2818,"{""mtimeMs"":1672866708000,""ctimeMs"":1672866708000}","Success","Transcode error",1728218856917,0,1731966974608,false,"",0,0,0,0,
"//nas5/assets4/_TV/Hobby Man {tvdb-423555}/Season 1/Hobby Man s01e04 Yorkshire with Andi Oliver [WEBDL-1080p][AAC 2.0][h264].mkv","//nas5/assets4/_TV/Hobby Man {tvdb-423555}/Season 1/Hobby Man s01e04 Yorkshire with Andi Oliver [WEBDL-1080p][AAC 2.0][h264].mkv","DPF0OBsCeGc","ALxgMPXb59",false,"mkv","{""ffProbeRead"":""success""}","{""format"":{},""streams"":[{""codec_name"":""h264"",""codec_type"":""video"",""tags"":{""language"":""eng""},""width"":1920,""height"":1080},{""codec_name"":""aac"",""codec_type"":""audio"",""channels"":2,""tags"":{""language"":""eng""}},{""codec_name"":""subrip"",""codec_type"":""subtitle"",""tags"":{""language"":""eng"",""title"":""English plain srt""}},{""codec_name"":""subrip"",""codec_type"":""subtitle"",""tags"":{""language"":""eng"",""title"":""English srt""}},{""codec_type"":""subtitle"",""tags"":{""language"":""eng"",""title"":""English""}},{""codec_name"":""mjpeg"",""codec_type"":""video"",""tags"":{""title"":""Episode thumnail""},""duration"":""2818.496000"",""width"":1920,""height"":1080}]}",1709.7337923049927,"1080p","video","h264","","none",1728212659146,5088631,2818,"{""mtimeMs"":1672866707000,""ctimeMs"":1672866707000}","Success","Transcode error",1728218812868,0,1731966969765,false,"",0,0,0,0,
"//nas5/assets4/_TV/Hobby Man {tvdb-423555}/Season 1/Hobby Man s01e02 South Wales with Joe Wilkinson [WEBDL-1080p][AAC 2.0][h264].mkv","//nas5/assets4/_TV/Hobby Man {tvdb-423555}/Season 1/Hobby Man s01e02 South Wales with Joe Wilkinson [WEBDL-1080p][AAC 2.0][h264].mkv","DPF0OBsCeGc","1WikMeKdA",false,"mkv","{""ffProbeRead"":""success""}","{""format"":{},""streams"":[{""codec_name"":""h264"",""codec_type"":""video"",""tags"":{""language"":""eng""},""width"":1920,""height"":1080},{""codec_name"":""aac"",""codec_type"":""audio"",""channels"":2,""tags"":{""language"":""eng""}},{""codec_name"":""subrip"",""codec_type"":""subtitle"",""tags"":{""language"":""eng"",""title"":""English plain srt""}},{""codec_name"":""subrip"",""codec_type"":""subtitle"",""tags"":{""language"":""eng"",""title"":""English srt""}},{""codec_type"":""subtitle"",""tags"":{""language"":""eng"",""title"":""English""}},{""codec_name"":""mjpeg"",""codec_type"":""video"",""tags"":{""title"":""Episode thumnail""},""duration"":""2819.904000"",""width"":1920,""height"":1080}]}",1708.306077003479,"1080p","video","h264","","none",1728212658714,5081843,2819,"{""mtimeMs"":1661343606000,""ctimeMs"":1661343606000}","Success","Transcode error",1728218808397,0,1731966967484,false,"",0,0,0,0,
"//nas4/assets4/_TV/Shameless {tvdb-78846}/Season 2/Shameless s02e04 The Big Day [DVD-480p][MP3 2.0][h264].mkv","//nas4/assets4/_TV/Shameless {tvdb-78846}/Season 2/Shameless s02e04 The Big Day [DVD-480p][MP3 2.0][h264].mkv","Cr1CPbpqdV7","mPHu7OACSC",false,"mkv","{""ffProbeRead"":""success""}","{""format"":{},""streams"":[{""codec_name"":""h264"",""codec_type"":""video"",""tags"":{""language"":""eng""},""width"":596,""height"":336},{""codec_name"":""mp3"",""codec_type"":""audio"",""bit_rate"":""128000"",""channels"":2,""tags"":{""language"":""eng""}},{""codec_name"":""h264"",""codec_type"":""video"",""tags"":{""language"":""eng""},""width"":596,""height"":336},{""codec_name"":""mp3"",""codec_type"":""audio"",""channels"":2,""tags"":{""language"":""eng""}}]}",677.2827072143555,"480p","video","h264","","none",1728212334688,0,0,"{""mtimeMs"":1491250259483.8606,""ctimeMs"":1491250259483.8606}","Success","Transcode error",1728219814649,0,1731966960053,false,"",0,0,0,0,
"//nas2/assets3/_TV/Cobra Kai {tvdb-332858}/Season 3/Cobra Kai s03e07 Obstáculos [WEBDL-1080p][AAC 2.0][h264].mkv","//nas2/assets3/_TV/Cobra Kai {tvdb-332858}/Season 3/Cobra Kai s03e07 Obstáculos [WEBDL-1080p][AAC 2.0][h264].mkv","pjctxUp1b","GqTcx4PRC",false,"mkv","{""ffProbeRead"":""success""}","{""format"":{},""streams"":[{""codec_name"":""aac"",""codec_type"":""audio"",""bit_rate"":""127999"",""channels"":2,""tags"":{""language"":""ger""},""duration"":""1752.320000"",""nb_frames"":""41070""},{""codec_name"":""aac"",""codec_type"":""audio"",""bit_rate"":""127999"",""channels"":2,""tags"":{""language"":""eng""},""duration"":""1752.277333"",""nb_frames"":""41069""},{""codec_name"":""aac"",""codec_type"":""audio"",""bit_rate"":""127999"",""channels"":2,""tags"":{""language"":""spa""},""duration"":""1752.320000"",""nb_frames"":""41070""},{""codec_name"":""aac"",""codec_type"":""audio"",""bit_rate"":""127999"",""channels"":2,""tags"":{""language"":""fre""},""duration"":""1752.320000"",""nb_frames"":""41070""},{""codec_name"":""aac"",""codec_type"":""audio"",""bit_rate"":""127999"",""channels"":2,""tags"":{""language"":""ita""},""duration"":""1752.320000"",""nb_frames"":""41070""},{""codec_name"":""eac3"",""codec_type"":""audio"",""bit_rate"":""640000"",""channels"":6,""tags"":{""language"":""ger""},""duration"":""1752.608000"",""nb_frames"":""54769""},{""codec_name"":""eac3"",""codec_type"":""audio"",""bit_rate"":""640000"",""channels"":6,""tags"":{""language"":""eng""},""duration"":""1752.608000"",""nb_frames"":""54769""},{""codec_name"":""eac3"",""codec_type"":""audio"",""bit_rate"":""640000"",""channels"":6,""tags"":{""language"":""spa""},""duration"":""1752.608000"",""nb_frames"":""54769""},{""codec_name"":""eac3"",""codec_type"":""audio"",""bit_rate"":""640000"",""channels"":6,""tags"":{""language"":""fre""},""duration"":""1752.608000"",""nb_frames"":""54769""},{""codec_name"":""eac3"",""codec_type"":""audio"",""bit_rate"":""640000"",""channels"":6,""tags"":{""language"":""ita""},""duration"":""1752.608000"",""nb_frames"":""54769""},{""codec_name"":""aac"",""codec_type"":""audio"",""bit_rate"":""127999"",""channels"":2,""tags"":{""language"":""eng""},""duration"":""1752.320000"",""nb_frames"":""41070""},{""codec_name"":""eac3"",""codec_type"":""audio"",""bit_rate"":""640000"",""channels"":6,""tags"":{""language"":""eng""},""duration"":""1752.608000"",""nb_frames"":""54769""},{""codec_name"":""h264"",""codec_type"":""video"",""bit_rate"":""3482432"",""tags"":{""language"":""und""},""duration"":""1750.373625"",""width"":1920,""height"":1080,""nb_frames"":""41967""},{""codec_name"":""mov_text"",""codec_type"":""subtitle"",""bit_rate"":""63"",""tags"":{""language"":""ger""},""duration"":""1672.296000"",""nb_frames"":""754""},{""codec_name"":""mov_text"",""codec_type"":""subtitle"",""bit_rate"":""64"",""tags"":{""language"":""spa""},""duration"":""1672.296000"",""nb_frames"":""766""},{""codec_name"":""mov_text"",""codec_type"":""subtitle"",""bit_rate"":""63"",""tags"":{""language"":""fre""},""duration"":""1668.166000"",""nb_frames"":""736""},{""codec_name"":""mov_text"",""codec_type"":""subtitle"",""bit_rate"":""61"",""tags"":{""language"":""ita""},""duration"":""1669.293000"",""nb_frames"":""765""},{""codec_name"":""mov_text"",""codec_type"":""subtitle"",""bit_rate"":""79"",""tags"":{""language"":""eng""},""duration"":""1630.170000"",""nb_frames"":""872""},{""codec_name"":""mjpeg"",""codec_type"":""video"",""tags"":{},""duration"":""1752.608000"",""width"":350,""height"":197}]}",1690.630093574524,"1080p","video","h264","","none",1728212428372,8091959,1752,"{""mtimeMs"":1609471797205.8916,""ctimeMs"":1609471797205.8916}","Success","Transcode error",1728224618879,0,1731966858652,false,"",0,0,0,12,
"//nas2/assets3/_TV/Cobra Kai {tvdb-332858}/Season 3/Cobra Kai s03e03 Now You’re Gonna Pay [WEBDL-1080p][AAC 2.0][h264].mkv","//nas2/assets3/_TV/Cobra Kai {tvdb-332858}/Season 3/Cobra Kai s03e03 Now You’re Gonna Pay [WEBDL-1080p][AAC 2.0][h264].mkv","pjctxUp1b","_DK7gyVu0",false,"mkv","{""ffProbeRead"":""success""}","{""format"":{},""streams"":[{""codec_name"":""aac"",""codec_type"":""audio"",""bit_rate"":""127999"",""channels"":2,""tags"":{""language"":""ger""},""duration"":""1948.544000"",""nb_frames"":""45669""},{""codec_name"":""aac"",""codec_type"":""audio"",""bit_rate"":""127999"",""channels"":2,""tags"":{""language"":""eng""},""duration"":""1948.501333"",""nb_frames"":""45668""},{""codec_name"":""aac"",""codec_type"":""audio"",""bit_rate"":""127999"",""channels"":2,""tags"":{""language"":""spa""},""duration"":""1948.544000"",""nb_frames"":""45669""},{""codec_name"":""aac"",""codec_type"":""audio"",""bit_rate"":""127999"",""channels"":2,""tags"":{""language"":""fre""},""duration"":""1948.544000"",""nb_frames"":""45669""},{""codec_name"":""aac"",""codec_type"":""audio"",""bit_rate"":""127999"",""channels"":2,""tags"":{""language"":""ita""},""duration"":""1948.544000"",""nb_frames"":""45669""},{""codec_name"":""eac3"",""codec_type"":""audio"",""bit_rate"":""640000"",""channels"":6,""tags"":{""language"":""ger""},""duration"":""1948.832000"",""nb_frames"":""60901""},{""codec_name"":""eac3"",""codec_type"":""audio"",""bit_rate"":""640000"",""channels"":6,""tags"":{""language"":""eng""},""duration"":""1948.832000"",""nb_frames"":""60901""},{""codec_name"":""eac3"",""codec_type"":""audio"",""bit_rate"":""640000"",""channels"":6,""tags"":{""language"":""spa""},""duration"":""1948.832000"",""nb_frames"":""60901""},{""codec_name"":""eac3"",""codec_type"":""audio"",""bit_rate"":""640000"",""channels"":6,""tags"":{""language"":""fre""},""duration"":""1948.832000"",""nb_frames"":""60901""},{""codec_name"":""eac3"",""codec_type"":""audio"",""bit_rate"":""640000"",""channels"":6,""tags"":{""language"":""ita""},""duration"":""1948.832000"",""nb_frames"":""60901""},{""codec_name"":""aac"",""codec_type"":""audio"",""bit_rate"":""127999"",""channels"":2,""tags"":{""language"":""eng""},""duration"":""1948.544000"",""nb_frames"":""45669""},{""codec_name"":""eac3"",""codec_type"":""audio"",""bit_rate"":""640000"",""channels"":6,""tags"":{""language"":""eng""},""duration"":""1948.832000"",""nb_frames"":""60901""},{""codec_name"":""h264"",""codec_type"":""video"",""bit_rate"":""2663146"",""tags"":{""language"":""und""},""duration"":""1946.527917"",""width"":1920,""height"":1080,""nb_frames"":""46670""},{""codec_name"":""mov_text"",""codec_type"":""subtitle"",""bit_rate"":""74"",""tags"":{""language"":""ger""},""duration"":""1862.444000"",""nb_frames"":""917""},{""codec_name"":""mov_text"",""codec_type"":""subtitle"",""bit_rate"":""75"",""tags"":{""language"":""spa""},""duration"":""1862.444000"",""nb_frames"":""953""},{""codec_name"":""mov_text"",""codec_type"":""subtitle"",""bit_rate"":""76"",""tags"":{""language"":""fre""},""duration"":""1862.444000"",""nb_frames"":""911""},{""codec_name"":""mov_text"",""codec_type"":""subtitle"",""bit_rate"":""72"",""tags"":{""language"":""ita""},""duration"":""1859.441000"",""nb_frames"":""915""},{""codec_name"":""mov_text"",""codec_type"":""subtitle"",""bit_rate"":""88"",""tags"":{""language"":""eng""},""duration"":""1820.318000"",""nb_frames"":""998""},{""codec_name"":""mjpeg"",""codec_type"":""video"",""tags"":{},""duration"":""1948.832000"",""width"":350,""height"":197}]}",1689.8812847137451,"1080p","video","h264","","none",1728212426080,7273973,1948,"{""mtimeMs"":1609470751221.6133,""ctimeMs"":1609470751221.6133}","Success","Transcode error",1728224597892,0,1731966851471,false,"",0,0,0,12,
"//nas2/assets3/_TV/Cobra Kai {tvdb-332858}/Season 3/Cobra Kai s03e01 Aftermath [WEBDL-1080p][AAC 2.0][h264].mkv","//nas2/assets3/_TV/Cobra Kai {tvdb-332858}/Season 3/Cobra Kai s03e01 Aftermath [WEBDL-1080p][AAC 2.0][h264].mkv","pjctxUp1b","Dx9oWRg89c",false,"mkv","{""ffProbeRead"":""success""}","{""format"":{},""streams"":[{""codec_name"":""aac"",""codec_type"":""audio"",""bit_rate"":""127999"",""channels"":2,""tags"":{""language"":""ger""},""duration"":""1872.469333"",""nb_frames"":""43886""},{""codec_name"":""aac"",""codec_type"":""audio"",""bit_rate"":""127999"",""channels"":2,""tags"":{""language"":""eng""},""duration"":""1872.426667"",""nb_frames"":""43885""},{""codec_name"":""aac"",""codec_type"":""audio"",""bit_rate"":""127999"",""channels"":2,""tags"":{""language"":""spa""},""duration"":""1872.469333"",""nb_frames"":""43886""},{""codec_name"":""aac"",""codec_type"":""audio"",""bit_rate"":""127999"",""channels"":2,""tags"":{""language"":""fre""},""duration"":""1872.469333"",""nb_frames"":""43886""},{""codec_name"":""aac"",""codec_type"":""audio"",""bit_rate"":""127999"",""channels"":2,""tags"":{""language"":""ita""},""duration"":""1872.469333"",""nb_frames"":""43886""},{""codec_name"":""eac3"",""codec_type"":""audio"",""bit_rate"":""640000"",""channels"":6,""tags"":{""language"":""ger""},""duration"":""1872.416000"",""nb_frames"":""58513""},{""codec_name"":""eac3"",""codec_type"":""audio"",""bit_rate"":""640000"",""channels"":6,""tags"":{""language"":""eng""},""duration"":""1872.416000"",""nb_frames"":""58513""},{""codec_name"":""eac3"",""codec_type"":""audio"",""bit_rate"":""640000"",""channels"":6,""tags"":{""language"":""spa""},""duration"":""1872.416000"",""nb_frames"":""58513""},{""codec_name"":""eac3"",""codec_type"":""audio"",""bit_rate"":""640000"",""channels"":6,""tags"":{""language"":""fre""},""duration"":""1872.416000"",""nb_frames"":""58513""},{""codec_name"":""eac3"",""codec_type"":""audio"",""bit_rate"":""640000"",""channels"":6,""tags"":{""language"":""ita""},""duration"":""1872.416000"",""nb_frames"":""58513""},{""codec_name"":""aac"",""codec_type"":""audio"",""bit_rate"":""127999"",""channels"":2,""tags"":{""language"":""eng""},""duration"":""1872.469333"",""nb_frames"":""43886""},{""codec_name"":""eac3"",""codec_type"":""audio"",""bit_rate"":""640000"",""channels"":6,""tags"":{""language"":""eng""},""duration"":""1872.416000"",""nb_frames"":""58513""},{""codec_name"":""h264"",""codec_type"":""video"",""bit_rate"":""2752209"",""tags"":{""language"":""und""},""duration"":""1871.286083"",""width"":1920,""height"":1080,""nb_frames"":""44866""},{""codec_name"":""mov_text"",""codec_type"":""subtitle"",""bit_rate"":""59"",""tags"":{""language"":""ger""},""duration"":""1781.710000"",""nb_frames"":""756""},{""codec_name"":""mov_text"",""codec_type"":""subtitle"",""bit_rate"":""57"",""tags"":{""language"":""spa""},""duration"":""1781.710000"",""nb_frames"":""730""},{""codec_name"":""mov_text"",""codec_type"":""subtitle"",""bit_rate"":""60"",""tags"":{""language"":""fre""},""duration"":""1777.109000"",""nb_frames"":""761""},{""codec_name"":""mov_text"",""codec_type"":""subtitle"",""bit_rate"":""57"",""tags"":{""language"":""ita""},""duration"":""1777.776000"",""nb_frames"":""753""},{""codec_name"":""mov_text"",""codec_type"":""subtitle"",""bit_rate"":""70"",""tags"":{""language"":""eng""},""duration"":""1738.987000"",""nb_frames"":""840""},{""codec_name"":""mjpeg"",""codec_type"":""video"",""tags"":{},""duration"":""1872.469333"",""width"":350,""height"":197}]}",1643.8356323242188,"1080p","video","h264","","none",1728212424101,7364335,1872,"{""mtimeMs"":1609470242387.9133,""ctimeMs"":1609470242387.9133}","Success","Transcode error",1728224567982,0,1731966823474,false,"",0,0,0,12,
"//nas4/assets4/_TV/Shameless {tvdb-78846}/Season 2/Shameless s02e01 Grandad [DVD-480p][MP3 2.0][h264].mkv","//nas4/assets4/_TV/Shameless {tvdb-78846}/Season 2/Shameless s02e01 Grandad [DVD-480p][MP3 2.0][h264].mkv","Cr1CPbpqdV7","piUT_zShj",false,"mkv","{""ffProbeRead"":""success""}","{""format"":{},""streams"":[{""codec_name"":""h264"",""codec_type"":""video"",""tags"":{""language"":""eng""},""width"":596,""height"":336},{""codec_name"":""mp3"",""codec_type"":""audio"",""bit_rate"":""128000"",""channels"":2,""tags"":{""language"":""eng""}},{""codec_name"":""h264"",""codec_type"":""video"",""tags"":{""language"":""eng""},""width"":596,""height"":336},{""codec_name"":""mp3"",""codec_type"":""audio"",""channels"":2,""tags"":{""language"":""eng""}}]}",596.2022304534912,"480p","video","h264","","none",1728212334473,0,0,"{""mtimeMs"":1491250259597.97,""ctimeMs"":1491250259597.97}","Success","Transcode error",1728219757397,0,1731966815506,false,"",0,0,0,0,
"//nas2/assets3/_TV/Cobra Kai {tvdb-332858}/Season 3/Cobra Kai s03e08 The Good, The Bad, and The Badass [WEBDL-1080p][AAC 2.0][h264].mkv","//nas2/assets3/_TV/Cobra Kai {tvdb-332858}/Season 3/Cobra Kai s03e08 The Good, The Bad, and The Badass [WEBDL-1080p][AAC 2.0][h264].mkv","pjctxUp1b","6JfhaAl8H",false,"mkv","{""ffProbeRead"":""success""}","{""format"":{},""streams"":[{""codec_name"":""aac"",""codec_type"":""audio"",""bit_rate"":""127999"",""channels"":2,""tags"":{""language"":""ger""},""duration"":""1672.277333"",""nb_frames"":""39194""},{""codec_name"":""aac"",""codec_type"":""audio"",""bit_rate"":""127999"",""channels"":2,""tags"":{""language"":""eng""},""duration"":""1672.277333"",""nb_frames"":""39194""},{""codec_name"":""aac"",""codec_type"":""audio"",""bit_rate"":""127999"",""channels"":2,""tags"":{""language"":""spa""},""duration"":""1672.277333"",""nb_frames"":""39194""},{""codec_name"":""aac"",""codec_type"":""audio"",""bit_rate"":""127999"",""channels"":2,""tags"":{""language"":""fre""},""duration"":""1672.277333"",""nb_frames"":""39194""},{""codec_name"":""aac"",""codec_type"":""audio"",""bit_rate"":""127999"",""channels"":2,""tags"":{""language"":""ita""},""duration"":""1672.277333"",""nb_frames"":""39194""},{""codec_name"":""eac3"",""codec_type"":""audio"",""bit_rate"":""640000"",""channels"":6,""tags"":{""language"":""ger""},""duration"":""1672.352000"",""nb_frames"":""52261""},{""codec_name"":""eac3"",""codec_type"":""audio"",""bit_rate"":""640000"",""channels"":6,""tags"":{""language"":""eng""},""duration"":""1672.352000"",""nb_frames"":""52261""},{""codec_name"":""eac3"",""codec_type"":""audio"",""bit_rate"":""640000"",""channels"":6,""tags"":{""language"":""spa""},""duration"":""1672.352000"",""nb_frames"":""52261""},{""codec_name"":""eac3"",""codec_type"":""audio"",""bit_rate"":""640000"",""channels"":6,""tags"":{""language"":""fre""},""duration"":""1672.352000"",""nb_frames"":""52261""},{""codec_name"":""eac3"",""codec_type"":""audio"",""bit_rate"":""640000"",""channels"":6,""tags"":{""language"":""ita""},""duration"":""1672.352000"",""nb_frames"":""52261""},{""codec_name"":""aac"",""codec_type"":""audio"",""bit_rate"":""127999"",""channels"":2,""tags"":{""language"":""eng""},""duration"":""1672.277333"",""nb_frames"":""39194""},{""codec_name"":""eac3"",""codec_type"":""audio"",""bit_rate"":""640000"",""channels"":6,""tags"":{""language"":""eng""},""duration"":""1672.352000"",""nb_frames"":""52261""},{""codec_name"":""h264"",""codec_type"":""video"",""bit_rate"":""2660808"",""tags"":{""language"":""und""},""duration"":""1671.419750"",""width"":1920,""height"":1080,""nb_frames"":""40074""},{""codec_name"":""mov_text"",""codec_type"":""subtitle"",""bit_rate"":""76"",""tags"":{""language"":""ger""},""duration"":""1597.346000"",""nb_frames"":""784""},{""codec_name"":""mov_text"",""codec_type"":""subtitle"",""bit_rate"":""75"",""tags"":{""language"":""spa""},""duration"":""1597.346000"",""nb_frames"":""809""},{""codec_name"":""mov_text"",""codec_type"":""subtitle"",""bit_rate"":""76"",""tags"":{""language"":""fre""},""duration"":""1593.175000"",""nb_frames"":""771""},{""codec_name"":""mov_text"",""codec_type"":""subtitle"",""bit_rate"":""73"",""tags"":{""language"":""ita""},""duration"":""1594.343000"",""nb_frames"":""817""},{""codec_name"":""mov_text"",""codec_type"":""subtitle"",""bit_rate"":""92"",""tags"":{""language"":""eng""},""duration"":""1555.220000"",""nb_frames"":""852""},{""codec_name"":""mjpeg"",""codec_type"":""video"",""tags"":{},""duration"":""1672.352000"",""width"":350,""height"":197}]}",1450.028660774231,"1080p","video","h264","","none",1728212429399,7273422,1672,"{""mtimeMs"":1609472005490.9683,""ctimeMs"":1609472005490.9683}","Success","Transcode error",1728224540001,0,1731966669682,false,"",0,0,0,12,
"//nas2/assets3/_TV/Cobra Kai {tvdb-332858}/Season 3/Cobra Kai s03e09 Feel The Night [WEBDL-1080p][AAC 2.0][h264].mkv","//nas2/assets3/_TV/Cobra Kai {tvdb-332858}/Season 3/Cobra Kai s03e09 Feel The Night [WEBDL-1080p][AAC 2.0][h264].mkv","pjctxUp1b","_4vt80qsG",false,"mkv","{""ffProbeRead"":""success""}","{""format"":{},""streams"":[{""codec_name"":""aac"",""codec_type"":""audio"",""bit_rate"":""127999"",""channels"":2,""tags"":{""language"":""ger""},""duration"":""1820.416000"",""nb_frames"":""42666""},{""codec_name"":""aac"",""codec_type"":""audio"",""bit_rate"":""127999"",""channels"":2,""tags"":{""language"":""eng""},""duration"":""1820.373333"",""nb_frames"":""42665""},{""codec_name"":""aac"",""codec_type"":""audio"",""bit_rate"":""127999"",""channels"":2,""tags"":{""language"":""spa""},""duration"":""1820.416000"",""nb_frames"":""42666""},{""codec_name"":""aac"",""codec_type"":""audio"",""bit_rate"":""127999"",""channels"":2,""tags"":{""language"":""fre""},""duration"":""1820.373333"",""nb_frames"":""42665""},{""codec_name"":""aac"",""codec_type"":""audio"",""bit_rate"":""127999"",""channels"":2,""tags"":{""language"":""ita""},""duration"":""1820.416000"",""nb_frames"":""42666""},{""codec_name"":""eac3"",""codec_type"":""audio"",""bit_rate"":""640000"",""channels"":6,""tags"":{""language"":""ger""},""duration"":""1820.576000"",""nb_frames"":""56893""},{""codec_name"":""eac3"",""codec_type"":""audio"",""bit_rate"":""640000"",""channels"":6,""tags"":{""language"":""eng""},""duration"":""1820.576000"",""nb_frames"":""56893""},{""codec_name"":""eac3"",""codec_type"":""audio"",""bit_rate"":""640000"",""channels"":6,""tags"":{""language"":""spa""},""duration"":""1820.576000"",""nb_frames"":""56893""},{""codec_name"":""eac3"",""codec_type"":""audio"",""bit_rate"":""640000"",""channels"":6,""tags"":{""language"":""fre""},""duration"":""1820.576000"",""nb_frames"":""56893""},{""codec_name"":""eac3"",""codec_type"":""audio"",""bit_rate"":""640000"",""channels"":6,""tags"":{""language"":""ita""},""duration"":""1820.576000"",""nb_frames"":""56893""},{""codec_name"":""aac"",""codec_type"":""audio"",""bit_rate"":""127999"",""channels"":2,""tags"":{""language"":""eng""},""duration"":""1820.416000"",""nb_frames"":""42666""},{""codec_name"":""h264"",""codec_type"":""video"",""bit_rate"":""2658408"",""tags"":{""language"":""und""},""duration"":""1818.525042"",""width"":1920,""height"":1080,""nb_frames"":""43601""},{""codec_name"":""mov_text"",""codec_type"":""subtitle"",""bit_rate"":""68"",""tags"":{""language"":""ger""},""duration"":""1742.449000"",""nb_frames"":""822""},{""codec_name"":""mov_text"",""codec_type"":""subtitle"",""bit_rate"":""68"",""tags"":{""language"":""spa""},""duration"":""1742.449000"",""nb_frames"":""838""},{""codec_name"":""mov_text"",""codec_type"":""subtitle"",""bit_rate"":""66"",""tags"":{""language"":""fre""},""duration"":""1738.320000"",""nb_frames"":""798""},{""codec_name"":""mov_text"",""codec_type"":""subtitle"",""bit_rate"":""65"",""tags"":{""language"":""ita""},""duration"":""1739.446000"",""nb_frames"":""859""},{""codec_name"":""mov_text"",""codec_type"":""subtitle"",""bit_rate"":""88"",""tags"":{""language"":""eng""},""duration"":""1700.324000"",""nb_frames"":""973""},{""codec_name"":""mjpeg"",""codec_type"":""video"",""tags"":{},""duration"":""1820.576000"",""width"":350,""height"":197}]}",1438.783787727356,"1080p","video","h264","","none",1728212430065,6629436,1820,"{""mtimeMs"":1609472225874.1096,""ctimeMs"":1609472225874.1096}","Success","Transcode error",1728224519110,0,1731966662165,false,"",0,0,0,11,
"//nas2/assets3/_TV/Into the Night {tvdb-369076}/Season 1/Into the Night s01e06 Terenzio [WEBDL-1080p][AAC 2.0][h264].mkv","//nas2/assets3/_TV/Into the Night {tvdb-369076}/Season 1/Into the Night s01e06 Terenzio [WEBDL-1080p][AAC 2.0][h264].mkv","pjctxUp1b","h-EdobqpJF",false,"mkv","{""ffProbeRead"":""success""}","{""format"":{},""streams"":[{""codec_name"":""aac"",""codec_type"":""audio"",""bit_rate"":""96000"",""channels"":2,""tags"":{""language"":""ger""},""duration"":""2230.272000"",""nb_frames"":""52272""},{""codec_name"":""aac"",""codec_type"":""audio"",""bit_rate"":""96000"",""channels"":2,""tags"":{""language"":""eng""},""duration"":""2230.272000"",""nb_frames"":""52272""},{""codec_name"":""aac"",""codec_type"":""audio"",""bit_rate"":""96000"",""channels"":2,""tags"":{""language"":""fre""},""duration"":""2230.272000"",""nb_frames"":""52272""},{""codec_name"":""aac"",""codec_type"":""audio"",""bit_rate"":""96000"",""channels"":2,""tags"":{""language"":""pol""},""duration"":""2230.272000"",""nb_frames"":""52272""},{""codec_name"":""eac3"",""codec_type"":""audio"",""bit_rate"":""640000"",""channels"":6,""tags"":{""language"":""ger""},""duration"":""2230.304000"",""nb_frames"":""69697""},{""codec_name"":""eac3"",""codec_type"":""audio"",""bit_rate"":""640000"",""channels"":6,""tags"":{""language"":""eng""},""duration"":""2230.304000"",""nb_frames"":""69697""},{""codec_name"":""eac3"",""codec_type"":""audio"",""bit_rate"":""640000"",""channels"":6,""tags"":{""language"":""fre""},""duration"":""2230.304000"",""nb_frames"":""69697""},{""codec_name"":""eac3"",""codec_type"":""audio"",""bit_rate"":""640000"",""channels"":6,""tags"":{""language"":""pol""},""duration"":""2230.304000"",""nb_frames"":""69697""},{""codec_name"":""aac"",""codec_type"":""audio"",""bit_rate"":""96000"",""channels"":2,""tags"":{""language"":""fre""},""duration"":""2230.272000"",""nb_frames"":""52272""},{""codec_name"":""eac3"",""codec_type"":""audio"",""bit_rate"":""640000"",""channels"":6,""tags"":{""language"":""fre""},""duration"":""2230.304000"",""nb_frames"":""69697""},{""codec_name"":""h264"",""codec_type"":""video"",""bit_rate"":""1173710"",""tags"":{""language"":""und""},""duration"":""2228.666655"",""width"":1920,""height"":1080,""nb_frames"":""53488""},{""codec_name"":""mov_text"",""codec_type"":""subtitle"",""bit_rate"":""62"",""tags"":{""language"":""ger""},""duration"":""2201.500000"",""nb_frames"":""1011""},{""codec_name"":""mov_text"",""codec_type"":""subtitle"",""bit_rate"":""5"",""tags"":{""language"":""ger""},""duration"":""2201.500000"",""nb_frames"":""114""},{""codec_name"":""mov_text"",""codec_type"":""subtitle"",""bit_rate"":""3"",""tags"":{""language"":""eng""},""duration"":""1967.625000"",""nb_frames"":""63""},{""codec_name"":""mov_text"",""codec_type"":""subtitle"",""bit_rate"":""63"",""tags"":{""language"":""eng""},""duration"":""2201.500000"",""nb_frames"":""1006""},{""codec_name"":""mov_text"",""codec_type"":""subtitle"",""bit_rate"":""64"",""tags"":{""language"":""spa""},""duration"":""2201.500000"",""nb_frames"":""1005""},{""codec_name"":""mov_text"",""codec_type"":""subtitle"",""bit_rate"":""5"",""tags"":{""language"":""fre""},""duration"":""2196.125000"",""nb_frames"":""110""},{""codec_name"":""mov_text"",""codec_type"":""subtitle"",""bit_rate"":""60"",""tags"":{""language"":""ita""},""duration"":""2201.500000"",""nb_frames"":""921""},{""codec_name"":""mov_text"",""codec_type"":""subtitle"",""bit_rate"":""4"",""tags"":{""language"":""pol""},""duration"":""2201.500000"",""nb_frames"":""114""},{""codec_name"":""mov_text"",""codec_type"":""subtitle"",""bit_rate"":""77"",""tags"":{""language"":""eng""},""duration"":""2079.417000"",""nb_frames"":""1092""},{""codec_name"":""mov_text"",""codec_type"":""subtitle"",""bit_rate"":""86"",""tags"":{""language"":""fre""},""duration"":""2072.625000"",""nb_frames"":""1139""},{""codec_name"":""mjpeg"",""codec_type"":""video"",""tags"":{},""duration"":""2230.304000"",""width"":350,""height"":197}]}",1292.4913454055786,"1080p","video","h264","","none",1728212474209,4861311,2230,"{""mtimeMs"":1588462551000,""ctimeMs"":1588462551000}","Success","Transcode error",1728224497108,0,1731966654107,false,"",0,0,0,10,
"//nas2/assets3/_TV/Into the Night {tvdb-369076}/Season 1/Into the Night s01e02 Jakub [WEBDL-1080p][AAC 2.0][h264].mkv","//nas2/assets3/_TV/Into the Night {tvdb-369076}/Season 1/Into the Night s01e02 Jakub [WEBDL-1080p][AAC 2.0][h264].mkv","pjctxUp1b","oicPPmkmfj",false,"mkv","{""ffProbeRead"":""success""}","{""format"":{},""streams"":[{""codec_name"":""aac"",""codec_type"":""audio"",""bit_rate"":""96000"",""channels"":2,""tags"":{""language"":""ger""},""duration"":""2278.272000"",""nb_frames"":""53397""},{""codec_name"":""aac"",""codec_type"":""audio"",""bit_rate"":""96000"",""channels"":2,""tags"":{""language"":""eng""},""duration"":""2278.272000"",""nb_frames"":""53397""},{""codec_name"":""aac"",""codec_type"":""audio"",""bit_rate"":""96000"",""channels"":2,""tags"":{""language"":""fre""},""duration"":""2278.272000"",""nb_frames"":""53397""},{""codec_name"":""aac"",""codec_type"":""audio"",""bit_rate"":""96000"",""channels"":2,""tags"":{""language"":""pol""},""duration"":""2278.272000"",""nb_frames"":""53397""},{""codec_name"":""eac3"",""codec_type"":""audio"",""bit_rate"":""640000"",""channels"":6,""tags"":{""language"":""ger""},""duration"":""2278.304000"",""nb_frames"":""71197""},{""codec_name"":""eac3"",""codec_type"":""audio"",""bit_rate"":""640000"",""channels"":6,""tags"":{""language"":""eng""},""duration"":""2278.304000"",""nb_frames"":""71197""},{""codec_name"":""eac3"",""codec_type"":""audio"",""bit_rate"":""640000"",""channels"":6,""tags"":{""language"":""fre""},""duration"":""2278.304000"",""nb_frames"":""71197""},{""codec_name"":""eac3"",""codec_type"":""audio"",""bit_rate"":""640000"",""channels"":6,""tags"":{""language"":""pol""},""duration"":""2278.304000"",""nb_frames"":""71197""},{""codec_name"":""aac"",""codec_type"":""audio"",""bit_rate"":""96000"",""channels"":2,""tags"":{""language"":""fre""},""duration"":""2278.272000"",""nb_frames"":""53397""},{""codec_name"":""eac3"",""codec_type"":""audio"",""bit_rate"":""640000"",""channels"":6,""tags"":{""language"":""fre""},""duration"":""2278.304000"",""nb_frames"":""71197""},{""codec_name"":""h264"",""codec_type"":""video"",""bit_rate"":""990765"",""tags"":{""language"":""und""},""duration"":""2278.166744"",""width"":1920,""height"":1080,""nb_frames"":""54676""},{""codec_name"":""mov_text"",""codec_type"":""subtitle"",""bit_rate"":""65"",""tags"":{""language"":""ger""},""duration"":""2250.958000"",""nb_frames"":""1073""},{""codec_name"":""mov_text"",""codec_type"":""subtitle"",""bit_rate"":""21"",""tags"":{""language"":""ger""},""duration"":""2250.958000"",""nb_frames"":""369""},{""codec_name"":""mov_text"",""codec_type"":""subtitle"",""bit_rate"":""8"",""tags"":{""language"":""eng""},""duration"":""1740.833000"",""nb_frames"":""103""},{""codec_name"":""mov_text"",""codec_type"":""subtitle"",""bit_rate"":""54"",""tags"":{""language"":""eng""},""duration"":""2123.708000"",""nb_frames"":""796""},{""codec_name"":""mov_text"",""codec_type"":""subtitle"",""bit_rate"":""69"",""tags"":{""language"":""spa""},""duration"":""2250.958000"",""nb_frames"":""1070""},{""codec_name"":""mov_text"",""codec_type"":""subtitle"",""bit_rate"":""23"",""tags"":{""language"":""fre""},""duration"":""2245.417000"",""nb_frames"":""371""},{""codec_name"":""mov_text"",""codec_type"":""subtitle"",""bit_rate"":""68"",""tags"":{""language"":""ita""},""duration"":""2250.958000"",""nb_frames"":""1005""},{""codec_name"":""mov_text"",""codec_type"":""subtitle"",""tags"":{""language"":""pol""},""duration"":""2250.958000"",""nb_frames"":""9""},{""codec_name"":""mov_text"",""codec_type"":""subtitle"",""bit_rate"":""84"",""tags"":{""language"":""eng""},""duration"":""2133.420000"",""nb_frames"":""1150""},{""codec_name"":""mov_text"",""codec_type"":""subtitle"",""bit_rate"":""88"",""tags"":{""language"":""fre""},""duration"":""2133.000000"",""nb_frames"":""1143""},{""codec_name"":""mjpeg"",""codec_type"":""video"",""tags"":{},""duration"":""2278.304000"",""width"":350,""height"":197}]}",1270.8558530807495,"1080p","video","h264","","none",1728212473776,4679231,2278,"{""mtimeMs"":1588475632000,""ctimeMs"":1588475632000}","Success","Transcode error",1728224478394,0,1731966646635,false,"",0,0,0,10,
"//nas2/assets3/_TV/Lost {tvdb-73739}/Season 6/Lost s06e18 The End (2) [WEBDL-720p][AAC 2.0][h264].mkv","//nas2/assets3/_TV/Lost {tvdb-73739}/Season 6/Lost s06e18 The End (2) [WEBDL-720p][AAC 2.0][h264].mkv","pjctxUp1b","U8K3LgR1XU",false,"mkv","{""ffProbeRead"":""success""}","{""format"":{},""streams"":[{""codec_name"":""h264"",""codec_type"":""video"",""bit_rate"":""2490701"",""tags"":{""language"":""und""},""duration"":""2993.407083"",""width"":1280,""height"":720,""nb_frames"":""71768""},{""codec_name"":""aac"",""codec_type"":""audio"",""bit_rate"":""125374"",""channels"":2,""tags"":{""language"":""spa""},""duration"":""2993.386667"",""nb_frames"":""140315""},{""codec_name"":""aac"",""codec_type"":""audio"",""bit_rate"":""128000"",""channels"":2,""tags"":{""language"":""por""},""duration"":""2993.386667"",""nb_frames"":""140315""},{""codec_name"":""aac"",""codec_type"":""audio"",""bit_rate"":""125374"",""channels"":2,""tags"":{""language"":""ita""},""duration"":""2993.386667"",""nb_frames"":""140315""},{""codec_name"":""aac"",""codec_type"":""audio"",""bit_rate"":""125375"",""channels"":2,""tags"":{""language"":""fre""},""duration"":""2993.322667"",""nb_frames"":""140312""},{""codec_name"":""aac"",""codec_type"":""audio"",""bit_rate"":""192000"",""channels"":2,""tags"":{""language"":""eng""},""duration"":""2993.386667"",""nb_frames"":""140315""},{""codec_name"":""mov_text"",""codec_type"":""subtitle"",""bit_rate"":""36"",""tags"":{""language"":""eng""},""duration"":""2714.462000"",""nb_frames"":""791""},{""codec_name"":""mov_text"",""codec_type"":""subtitle"",""bit_rate"":""30"",""tags"":{""language"":""spa""},""duration"":""2953.826000"",""nb_frames"":""837""},{""codec_name"":""mov_text"",""codec_type"":""subtitle"",""bit_rate"":""31"",""tags"":{""language"":""fre""},""duration"":""2954.077000"",""nb_frames"":""837""},{""codec_name"":""mov_text"",""codec_type"":""subtitle"",""bit_rate"":""32"",""tags"":{""language"":""ita""},""duration"":""2714.546000"",""nb_frames"":""835""},{""codec_name"":""mov_text"",""codec_type"":""subtitle"",""bit_rate"":""29"",""tags"":{""language"":""dut""},""duration"":""2714.629000"",""nb_frames"":""587""},{""codec_name"":""mov_text"",""codec_type"":""subtitle"",""bit_rate"":""32"",""tags"":{""language"":""por""},""duration"":""2714.546000"",""nb_frames"":""731""},{""codec_name"":""mjpeg"",""codec_type"":""video"",""tags"":{},""duration"":""2993.407078"",""width"":1200,""height"":900}]}",1142.3494396209717,"720p","video","h264","","none",1731739627912,3201275,2993,"{""mtimeMs"":1617326362000,""ctimeMs"":1617326362000}","Success","Transcode error",1728224395402,0,1731966638791,false,"",0,0,0,0,1731739627959
"//nas2/assets3/_TV/8 Out of 10 Cats Does Countdown {tvdb-272156}/Season 10/8 Out of 10 Cats Does Countdown s10e03 David O'Doherty, Natasia Demetriou, John Kearns [WEBDL-1080p][AAC 2.0][h264].mkv","//nas2/assets3/_TV/8 Out of 10 Cats Does Countdown {tvdb-272156}/Season 10/8 Out of 10 Cats Does Countdown s10e03 David O'Doherty, Natasia Demetriou, John Kearns [WEBDL-1080p][AAC 2.0][h264].mkv","pjctxUp1b","iFD5SW1BN",false,"mkv","{""ffProbeRead"":""success""}","{""format"":{},""streams"":[{""codec_name"":""h264"",""codec_type"":""video"",""bit_rate"":""2985640"",""tags"":{""language"":""und""},""duration"":""2829.961667"",""width"":1920,""height"":1080,""nb_frames"":""70750""},{""codec_name"":""aac"",""codec_type"":""audio"",""bit_rate"":""128059"",""channels"":2,""tags"":{""language"":""eng""},""duration"":""2830.016000"",""nb_frames"":""132657""},{""codec_name"":""mov_text"",""codec_type"":""subtitle"",""bit_rate"":""92"",""tags"":{""language"":""eng""},""duration"":""2822.440000"",""nb_frames"":""1723""},{""codec_name"":""png"",""codec_type"":""video"",""tags"":{},""duration"":""2830.016000"",""width"":534,""height"":300}]}",1052.906798362732,"1080p","video","h264","","none",1728212356780,3120979,2830,"{""mtimeMs"":1688415867000,""ctimeMs"":1688415867000}","Success","Transcode error",1728215973446,0,1731966631451,false,"",0,0,0,0,
"//nas5/assets2/_TV/Curb Your Enthusiasm {tvdb-76203}/Season 10/Curb Your Enthusiasm s10e07 The Ugly Section [WEBDL-720p][EAC3 5.1][h264].mkv","//nas5/assets2/_TV/Curb Your Enthusiasm {tvdb-76203}/Season 10/Curb Your Enthusiasm s10e07 The Ugly Section [WEBDL-720p][EAC3 5.1][h264].mkv","wMbtXSLTt","5nIAsZFQt",false,"mkv","{""ffProbeRead"":""success""}","{""format"":{},""streams"":[{""codec_name"":""h264"",""codec_type"":""video"",""tags"":{},""width"":1280,""height"":720},{""codec_name"":""eac3"",""codec_type"":""audio"",""bit_rate"":""256000"",""channels"":6,""tags"":{}},{""codec_type"":""subtitle"",""tags"":{""language"":""eng""}}]}",689.6213626861572,"720p","video","h264","","none",1728212505140,2666989,2169,"{""mtimeMs"":1583124051000,""ctimeMs"":1583124051000}","Success","Transcode error",1728220707112,0,1731966624326,false,"",0,0,0,0,
"//nas5/assets2/_TV/Kate Garraway’s Life Stories {tvdb-121221}/Season 19/Kate Garraway’s Life Stories s19e01 Gemma Collins [WEBDL-720p][AAC 2.0][h264].mkv","//nas5/assets2/_TV/Kate Garraway’s Life Stories {tvdb-121221}/Season 19/Kate Garraway’s Life Stories s19e01 Gemma Collins [WEBDL-720p][AAC 2.0][h264].mkv","wMbtXSLTt","cZMiootWN",false,"mkv","{""ffProbeRead"":""success""}","{""format"":{},""streams"":[{""codec_name"":""h264"",""codec_type"":""video"",""tags"":{},""width"":1280,""height"":720},{""codec_name"":""aac"",""codec_type"":""audio"",""channels"":2,""tags"":{}},{""codec_type"":""subtitle"",""tags"":{""language"":""eng""}}]}",663.3786287307739,"720p","video","h264","","none",1728212569230,1990865,2795,"{""mtimeMs"":1614718142135.5635,""ctimeMs"":1614718142135.5635}","Success","Transcode error",1728220673208,0,1731966618115,false,"",0,0,0,0,
"//nas5/assets2/_TV/Peppa Pig {tvdb-79222}/Season 7/Peppa Pig s07e13 Creepy Crawly Safari [WEBDL-1080p][AAC 2.0][h264].mkv","//nas5/assets2/_TV/Peppa Pig {tvdb-79222}/Season 7/Peppa Pig s07e13 Creepy Crawly Safari [WEBDL-1080p][AAC 2.0][h264].mkv","wMbtXSLTt","uYSx5jAco",false,"mkv","{""ffProbeRead"":""success""}","{""format"":{},""streams"":[{""codec_name"":""h264"",""codec_type"":""video"",""tags"":{""language"":""eng""},""width"":1920,""height"":1080},{""codec_name"":""aac"",""codec_type"":""audio"",""channels"":2,""tags"":{""language"":""eng""}},{""codec_type"":""subtitle"",""tags"":{""language"":""eng""},""duration"":""310.008000""}]}",87.5831651687622,"1080p","video","h264","","none",1728212584864,2369941,310,"{""mtimeMs"":1632896174413.6487,""ctimeMs"":1632896174413.6487}","Success","Transcode error",1728218089748,0,1731966614661,false,"",0,0,0,0,
"//nas5/assets2/_TV/Peppa Pig {tvdb-79222}/Season 7/Peppa Pig s07e25 The Tractor [WEBDL-1080p][AAC 2.0][h264].mkv","//nas5/assets2/_TV/Peppa Pig {tvdb-79222}/Season 7/Peppa Pig s07e25 The Tractor [WEBDL-1080p][AAC 2.0][h264].mkv","wMbtXSLTt","gbGG1TorJ",false,"mkv","{""ffProbeRead"":""success""}","{""format"":{},""streams"":[{""codec_name"":""h264"",""codec_type"":""video"",""tags"":{""language"":""eng""},""width"":1920,""height"":1080},{""codec_name"":""aac"",""codec_type"":""audio"",""channels"":2,""tags"":{""language"":""eng""}},{""codec_type"":""subtitle"",""tags"":{""language"":""eng""},""duration"":""309.975000""}]}",77.73534965515137,"1080p","video","h264","","none",1728212589809,2103690,309,"{""mtimeMs"":1632896667382.243,""ctimeMs"":1632896667382.243}","Success","Transcode error",1728218015769,0,1731966612163,false,"",0,0,0,0,
"//nas5/assets2/_TV/Peppa Pig {tvdb-79222}/Season 7/Peppa Pig s07e20 Trampolines [WEBDL-1080p][AAC 2.0][h264].mkv","//nas5/assets2/_TV/Peppa Pig {tvdb-79222}/Season 7/Peppa Pig s07e20 Trampolines [WEBDL-1080p][AAC 2.0][h264].mkv","wMbtXSLTt","uOLlJLCx6",false,"mkv","{""ffProbeRead"":""success""}","{""format"":{},""streams"":[{""codec_name"":""h264"",""codec_type"":""video"",""tags"":{""language"":""eng""},""width"":1920,""height"":1080},{""codec_name"":""aac"",""codec_type"":""audio"",""channels"":2,""tags"":{""language"":""eng""}},{""codec_type"":""subtitle"",""tags"":{}}]}",73.68303966522217,"1080p","video","h264","","none",1728212587597,1991443,310,"{""mtimeMs"":1632896315928.179,""ctimeMs"":1632896315928.179}","Success","Transcode error",1728217906310,0,1731966609096,false,"",0,0,0,0,
"//nas5/assets2/_TV/Peppa Pig {tvdb-79222}/Season 7/Peppa Pig s07e22 Skateboarding [WEBDL-1080p][AAC 2.0][h264].mkv","//nas5/assets2/_TV/Peppa Pig {tvdb-79222}/Season 7/Peppa Pig s07e22 Skateboarding [WEBDL-1080p][AAC 2.0][h264].mkv","wMbtXSLTt","oaa6kjs74",false,"mkv","{""ffProbeRead"":""success""}","{""format"":{},""streams"":[{""codec_name"":""h264"",""codec_type"":""video"",""tags"":{""language"":""eng""},""width"":1920,""height"":1080},{""codec_name"":""aac"",""codec_type"":""audio"",""channels"":2,""tags"":{""language"":""eng""}},{""codec_type"":""subtitle"",""tags"":{}}]}",69.78611278533936,"1080p","video","h264","","none",1728212588714,1885512,310,"{""mtimeMs"":1632896304573.5461,""ctimeMs"":1632896304573.5461}","Success","Transcode error",1728217868077,0,1731966606520,false,"",0,0,0,0,
"//nas5/assets2/_TV/Peppa Pig {tvdb-79222}/Season 7/Peppa Pig s07e09 Hop, skip and jump! [WEBDL-1080p][AAC 2.0][h264].mkv","//nas5/assets2/_TV/Peppa Pig {tvdb-79222}/Season 7/Peppa Pig s07e09 Hop, skip and jump! [WEBDL-1080p][AAC 2.0][h264].mkv","wMbtXSLTt","uh4T6qLn4",false,"mkv","{""ffProbeRead"":""success""}","{""format"":{},""streams"":[{""codec_name"":""h264"",""codec_type"":""video"",""tags"":{""language"":""eng""},""width"":1920,""height"":1080},{""codec_name"":""aac"",""codec_type"":""audio"",""channels"":2,""tags"":{""language"":""eng""}},{""codec_type"":""subtitle"",""tags"":{""language"":""eng""},""duration"":""310.008000""}]}",67.33221054077148,"1080p","video","h264","","none",1728212582631,1821964,310,"{""mtimeMs"":1632896422733.5369,""ctimeMs"":1632896422733.5369}","Success","Transcode error",1728217822751,0,1731966603050,false,"",0,0,0,0,
"//nas5/assets2/_TV/Peppa Pig {tvdb-79222}/Season 7/Peppa Pig s07e06 Sea Treasure [WEBDL-1080p][AAC 2.0][h264].mkv","//nas5/assets2/_TV/Peppa Pig {tvdb-79222}/Season 7/Peppa Pig s07e06 Sea Treasure [WEBDL-1080p][AAC 2.0][h264].mkv","wMbtXSLTt","AceYJZFWa",false,"mkv","{""ffProbeRead"":""success""}","{""format"":{},""streams"":[{""codec_name"":""h264"",""codec_type"":""video"",""tags"":{""language"":""eng""},""width"":1920,""height"":1080},{""codec_name"":""aac"",""codec_type"":""audio"",""channels"":2,""tags"":{""language"":""eng""}},{""codec_type"":""subtitle"",""tags"":{""language"":""eng""},""duration"":""324.990000""}]}",65.98526668548584,"1080p","video","h264","","none",1728212580926,1703204,324,"{""mtimeMs"":1632896460730.9165,""ctimeMs"":1632896460730.9165}","Success","Transcode error",1728217720351,0,1731966600455,false,"",0,0,0,0,
"//nas5/assets2/_TV/Peppa Pig {tvdb-79222}/Season 7/Peppa Pig s07e10 Rescuing Miss Rabbit! [WEBDL-1080p][AAC 2.0][h264].mkv","//nas5/assets2/_TV/Peppa Pig {tvdb-79222}/Season 7/Peppa Pig s07e10 Rescuing Miss Rabbit! [WEBDL-1080p][AAC 2.0][h264].mkv","wMbtXSLTt","hHU2uITLqF",false,"mkv","{""ffProbeRead"":""success""}","{""format"":{},""streams"":[{""codec_name"":""h264"",""codec_type"":""video"",""tags"":{""language"":""eng""},""width"":1920,""height"":1080},{""codec_name"":""aac"",""codec_type"":""audio"",""channels"":2,""tags"":{""language"":""eng""}},{""codec_type"":""subtitle"",""tags"":{""language"":""eng""},""duration"":""324.990000""}]}",64.87837314605713,"1080p","video","h264","","none",1728212583211,1674633,324,"{""mtimeMs"":1632896213465.2083,""ctimeMs"":1632896213465.2083}","Success","Transcode error",1728217673519,0,1731966597265,false,"",0,0,0,0,
"//nas5/assets2/_TV/Peppa Pig {tvdb-79222}/Season 6/Peppa Pig s06e42 Fire Station Practice [WEBDL-1080p][AAC 2.0][h264].mkv","//nas5/assets2/_TV/Peppa Pig {tvdb-79222}/Season 6/Peppa Pig s06e42 Fire Station Practice [WEBDL-1080p][AAC 2.0][h264].mkv","wMbtXSLTt","UQ4G-UwS9T",false,"mkv","{""ffProbeRead"":""success""}","{""format"":{},""streams"":[{""codec_name"":""h264"",""codec_type"":""video"",""tags"":{""language"":""eng""},""width"":1920,""height"":1080},{""codec_name"":""aac"",""codec_type"":""audio"",""channels"":2,""tags"":{""language"":""eng""}},{""codec_type"":""subtitle"",""tags"":{""language"":""eng""},""duration"":""310.008000""}]}",64.34120273590088,"1080p","video","h264","","none",1728212580356,1741029,310,"{""mtimeMs"":1632896409943.7422,""ctimeMs"":1632896409943.7422}","Success","Transcode error",1728217664527,0,1731966594403,false,"",0,0,0,0,
"//nas5/assets2/_TV/Peppa Pig {tvdb-79222}/Season 7/Peppa Pig s07e18 Jelly [WEBDL-1080p][AAC 2.0][h264].mkv","//nas5/assets2/_TV/Peppa Pig {tvdb-79222}/Season 7/Peppa Pig s07e18 Jelly [WEBDL-1080p][AAC 2.0][h264].mkv","wMbtXSLTt","YfG_Rugs7",false,"mkv","{""ffProbeRead"":""success""}","{""format"":{},""streams"":[{""codec_name"":""h264"",""codec_type"":""video"",""tags"":{""language"":""eng""},""width"":1920,""height"":1080},{""codec_name"":""aac"",""codec_type"":""audio"",""channels"":2,""tags"":{""language"":""eng""}},{""codec_type"":""subtitle"",""tags"":{""language"":""eng""},""duration"":""310.075000""}]}",63.15371799468994,"1080p","video","h264","","none",1728212586328,1708527,310,"{""mtimeMs"":1632896678694.9885,""ctimeMs"":1632896678694.9885}","Success","Transcode error",1728217627135,0,1731966591392,false,"",0,0,0,0,
"//nas5/assets2/_TV/Peppa Pig {tvdb-79222}/Season 7/Peppa Pig s07e14 Hoops [WEBDL-1080p][AAC 2.0][h264].mkv","//nas5/assets2/_TV/Peppa Pig {tvdb-79222}/Season 7/Peppa Pig s07e14 Hoops [WEBDL-1080p][AAC 2.0][h264].mkv","wMbtXSLTt","yrQ9tUdRvt",false,"mkv","{""ffProbeRead"":""success""}","{""format"":{},""streams"":[{""codec_name"":""h264"",""codec_type"":""video"",""tags"":{""language"":""eng""},""width"":1920,""height"":1080},{""codec_name"":""aac"",""codec_type"":""audio"",""channels"":2,""tags"":{""language"":""eng""}},{""codec_type"":""subtitle"",""tags"":{}}]}",61.82617950439453,"1080p","video","h264","","none",1728212585778,1670808,310,"{""mtimeMs"":1632896293965.916,""ctimeMs"":1632896293965.916}","Success","Transcode error",1728217587504,0,1731966588399,false,"",0,0,0,0,
"//nas5/assets2/_TV/Peppa Pig {tvdb-79222}/Season 7/Peppa Pig s07e07 Monkey has a Cough [WEBDL-1080p][AAC 2.0][h264].mkv","//nas5/assets2/_TV/Peppa Pig {tvdb-79222}/Season 7/Peppa Pig s07e07 Monkey has a Cough [WEBDL-1080p][AAC 2.0][h264].mkv","wMbtXSLTt","yGN1FaObC",false,"mkv","{""ffProbeRead"":""success""}","{""format"":{},""streams"":[{""codec_name"":""h264"",""codec_type"":""video"",""tags"":{""language"":""eng""},""width"":1920,""height"":1080},{""codec_name"":""aac"",""codec_type"":""audio"",""channels"":2,""tags"":{""language"":""eng""}},{""codec_type"":""subtitle"",""tags"":{""language"":""eng""},""duration"":""309.975000""}]}",60.52610969543457,"1080p","video","h264","","none",1728212581431,1637970,309,"{""mtimeMs"":1632896451610.3083,""ctimeMs"":1632896451610.3083}","Success","Transcode error",1728217472977,0,1731966585763,false,"",0,0,0,0,
"//nas2/assets4/_TV/Lucifer {tvdb-295685}/Season 4/Lucifer s04e08 Super Bad Boyfriend [WEBDL-720p][EAC3 5.1][h264].mkv","//nas2/assets4/_TV/Lucifer {tvdb-295685}/Season 4/Lucifer s04e08 Super Bad Boyfriend [WEBDL-720p][EAC3 5.1][h264].mkv","SLJkYeMBj","ByXGfVyKhL",false,"mkv","{""ffProbeRead"":""success""}","{""format"":{},""streams"":[{""codec_name"":""h264"",""codec_type"":""video"",""tags"":{},""width"":1280,""height"":720},{""codec_name"":""eac3"",""codec_type"":""audio"",""bit_rate"":""640000"",""channels"":6,""tags"":{""language"":""eng""}},{""codec_name"":""subrip"",""codec_type"":""subtitle"",""tags"":{""language"":""eng""},""duration"":""3109.664000""},{""codec_name"":""subrip"",""codec_type"":""subtitle"",""tags"":{""language"":""swe""},""duration"":""3109.664000""}]}",1067.144040107727,"720p","video","h264","","none",1731449140234,2878720,3109,"{""mtimeMs"":1557282114000,""ctimeMs"":1557282114000}","Success","Transcode error",1728216377597,0,1731966582511,false,"",0,0,0,0,1731449140579
"//nas5/assets2/_TV/Peppa Pig {tvdb-79222}/Season 7/Peppa Pig s07e23 Mountain Climbing [WEBDL-1080p][AAC 2.0][h264].mkv","//nas5/assets2/_TV/Peppa Pig {tvdb-79222}/Season 7/Peppa Pig s07e23 Mountain Climbing [WEBDL-1080p][AAC 2.0][h264].mkv","wMbtXSLTt","QKUW4ARuCo",false,"mkv","{""ffProbeRead"":""success""}","{""format"":{},""streams"":[{""codec_name"":""h264"",""codec_type"":""video"",""tags"":{""language"":""eng""},""width"":1920,""height"":1080},{""codec_name"":""aac"",""codec_type"":""audio"",""channels"":2,""tags"":{""language"":""eng""}},{""codec_type"":""subtitle"",""tags"":{}}]}",55.25490856170654,"1080p","video","h264","","none",1731449146485,1493060,310,"{""mtimeMs"":1632896326424.109,""ctimeMs"":1632896326424.109}","Success","Transcode error",1728217391697,0,1731966579938,false,"",0,0,0,0,1731449146550
"//nas5/assets2/_TV/Peppa Pig {tvdb-79222}/Season 7/Peppa Pig s07e11 Peppa's Diary [WEBDL-1080p][AAC 2.0][h264].mkv","//nas5/assets2/_TV/Peppa Pig {tvdb-79222}/Season 7/Peppa Pig s07e11 Peppa's Diary [WEBDL-1080p][AAC 2.0][h264].mkv","wMbtXSLTt","ACdahtmZn",false,"mkv","{""ffProbeRead"":""success""}","{""format"":{},""streams"":[{""codec_name"":""h264"",""codec_type"":""video"",""tags"":{""language"":""eng""},""width"":1920,""height"":1080},{""codec_name"":""aac"",""codec_type"":""audio"",""channels"":2,""tags"":{""language"":""eng""}},{""codec_type"":""subtitle"",""tags"":{""language"":""eng""},""duration"":""310.008000""}]}",51.47944259643555,"1080p","video","h264","","none",1728212583829,1392999,310,"{""mtimeMs"":1632896199650.1555,""ctimeMs"":1632896199650.1555}","Success","Transcode error",1728217326660,0,1731966573512,false,"",0,0,0,0,
"//nas5/assets2/_TV/Peppa Pig {tvdb-79222}/Season 7/Peppa Pig s07e12 Playing Golf [WEBDL-1080p][AAC 2.0][h264].mkv","//nas5/assets2/_TV/Peppa Pig {tvdb-79222}/Season 7/Peppa Pig s07e12 Playing Golf [WEBDL-1080p][AAC 2.0][h264].mkv","wMbtXSLTt","OxgRMRt8qz",false,"mkv","{""ffProbeRead"":""success""}","{""format"":{},""streams"":[{""codec_name"":""h264"",""codec_type"":""video"",""tags"":{""language"":""eng""},""width"":1920,""height"":1080},{""codec_name"":""aac"",""codec_type"":""audio"",""channels"":2,""tags"":{""language"":""eng""}},{""codec_type"":""subtitle"",""tags"":{""language"":""eng""},""duration"":""309.975000""}]}",50.30788516998291,"1080p","video","h264","","none",1728212584210,1361442,309,"{""mtimeMs"":1632896186221.0706,""ctimeMs"":1632896186221.0706}","Success","Transcode error",1728217289464,0,1731966567447,false,"",0,0,0,0,
"//nas5/assets2/_TV/Peppa Pig {tvdb-79222}/Season 7/Peppa Pig s07e08 Police Car [WEBDL-1080p][AAC 2.0][h264].mkv","//nas5/assets2/_TV/Peppa Pig {tvdb-79222}/Season 7/Peppa Pig s07e08 Police Car [WEBDL-1080p][AAC 2.0][h264].mkv","wMbtXSLTt","iqbfhixeaV",false,"mkv","{""ffProbeRead"":""success""}","{""format"":{},""streams"":[{""codec_name"":""h264"",""codec_type"":""video"",""tags"":{""language"":""eng""},""width"":1920,""height"":1080},{""codec_name"":""aac"",""codec_type"":""audio"",""channels"":2,""tags"":{""language"":""eng""}},{""codec_type"":""subtitle"",""tags"":{""language"":""eng""},""duration"":""310.008000""}]}",50.30027770996094,"1080p","video","h264","","none",1728212582171,1361091,310,"{""mtimeMs"":1632896439429.8838,""ctimeMs"":1632896439429.8838}","Success","Transcode error",1728216208934,0,1731966561082,false,"",0,0,0,0,
"//nas5/assets2/_TV/Peppa Pig {tvdb-79222}/Season 7/Peppa Pig s07e19 Potty Training [WEBDL-1080p][AAC 2.0][h264].mkv","//nas5/assets2/_TV/Peppa Pig {tvdb-79222}/Season 7/Peppa Pig s07e19 Potty Training [WEBDL-1080p][AAC 2.0][h264].mkv","wMbtXSLTt","6zus4rQu0",false,"mkv","{""ffProbeRead"":""success""}","{""format"":{},""streams"":[{""codec_name"":""h264"",""codec_type"":""video"",""tags"":{""language"":""eng""},""width"":1920,""height"":1080},{""codec_name"":""aac"",""codec_type"":""audio"",""channels"":2,""tags"":{""language"":""eng""}},{""codec_type"":""subtitle"",""tags"":{""language"":""eng""},""duration"":""310.008000""}]}",49.01064109802246,"1080p","video","h264","","none",1731449142331,1326194,310,"{""mtimeMs"":1632896688042.988,""ctimeMs"":1632896688042.988}","Success","Transcode error",1728216204722,0,1731966554542,false,"",0,0,0,0,1731449142466
"//nas5/assets2/_TV/Peppa Pig {tvdb-79222}/Season 7/Peppa Pig s07e21 Health Check [WEBDL-1080p][AAC 2.0][h264].mkv","//nas5/assets2/_TV/Peppa Pig {tvdb-79222}/Season 7/Peppa Pig s07e21 Health Check [WEBDL-1080p][AAC 2.0][h264].mkv","wMbtXSLTt","pxiU2d3fW4",false,"mkv","{""ffProbeRead"":""success""}","{""format"":{},""streams"":[{""codec_name"":""h264"",""codec_type"":""video"",""tags"":{""language"":""eng""},""width"":1920,""height"":1080},{""codec_name"":""aac"",""codec_type"":""audio"",""channels"":2,""tags"":{""language"":""eng""}},{""codec_type"":""subtitle"",""tags"":{""language"":""eng""},""duration"":""310.041000""}]}",48.84696102142334,"1080p","video","h264","","none",1731449141294,1321625,310,"{""mtimeMs"":1632896699789.572,""ctimeMs"":1632896699789.572}","Success","Transcode error",1728216200938,0,1731966464281,false,"",0,0,0,0,1731449141432
"//nas2/assets2/_TV/Blue Bloods {tvdb-164981}/Season 12/Blue Bloods s12e14 Allegiance [WEBDL-1080p][AAC 2.0][h264].mkv","//nas2/assets2/_TV/Blue Bloods {tvdb-164981}/Season 12/Blue Bloods s12e14 Allegiance [WEBDL-1080p][AAC 2.0][h264].mkv","bqZQEvEoM","lO5ICPj7z",false,"mkv","{""ffProbeRead"":""success""}","{""format"":{},""streams"":[{""codec_name"":""h264"",""codec_type"":""video"",""tags"":{""language"":""eng""},""width"":1920,""height"":1080},{""codec_name"":""aac"",""codec_type"":""audio"",""channels"":2,""tags"":{""language"":""eng""}},{""codec_type"":""subtitle"",""tags"":{""language"":""eng""},""duration"":""2569.691000""}]}",1402.0306720733643,"1080p","video","h264","","none",1731739608202,4576848,2569,"{""mtimeMs"":1646001399869.6628,""ctimeMs"":1646001399869.6628}","Success","Transcode error",1728215882243,0,1731966462146,false,"",0,0,0,0,1731739609018
"//nas5/assets4/_TV/Comedy Connections {tvdb-74042}/Season 2/Comedy Connections s02e06 The Young Ones [SDTV-480p][MP3 2.0][DivX].mkv","//nas5/assets4/_TV/Comedy Connections {tvdb-74042}/Season 2/Comedy Connections s02e06 The Young Ones [SDTV-480p][MP3 2.0][DivX].mkv","DPF0OBsCeGc","60Jft2wRx",false,"mkv","{""ffProbeRead"":""success""}","{""format"":{},""streams"":[{""codec_name"":""msmpeg4v3"",""codec_type"":""video"",""tags"":{},""width"":720,""height"":439},{""codec_name"":""mp3"",""codec_type"":""audio"",""bit_rate"":""160000"",""channels"":2,""tags"":{}}]}",194.76321029663086,"480p","video","msmpeg4v3","","none",1731517939760,949782,1720,"{""mtimeMs"":1731517505525.489,""ctimeMs"":1731517505525.489}","Success","Transcode error",1731517983658,0,1731966458262,1731518025438,"",0.19019844755530357,0,0,0,1731518025541